ID_Estudiante;Facultad;Programa;Año_Ingreso;Estado;Promedio;Asistencia;Beca;Actividad extracurricular
354;Artes;Artes Plásticas;2011;Egresado;2.51;63.64;No;No
1290;Humanidades;Historia;2013;Retirado;4.85;54.17;Sí;No
939;Artes;Artes Plásticas;2012;Retirado;8.06;85.96;No;Sí
1732;Ciencias Sociales;Trabajo Social;2013;Retirado;7.97;91.63;Sí;No
66;Artes;Artes Plásticas;2012;Activo;7.84;58.86;No;No
1324;Economía;Contaduría;2014;Activo;9.67;76.18;No;No
57;Economía;Contaduría;2019;Retirado;5.12;53.04;No;No
1293;Humanidades;Historia;2021;Egresado;7.21;64.88;Sí;No
585;Artes;Música;2017;Egresado;6.41;70.06;Sí;No
375;Humanidades;Filosofía;2021;Activo;5.68;66.39;No;No
276;Economía;Economía;2019;Retirado;6.55;90.87;No;No
747;Ingeniería;Ingeniería Civil;2017;Retirado;7.93;78.96;No;No
129;Ciencias Sociales;Psicología;2020;Retirado;3.82;69.63;Sí;Sí
1647;Ingeniería;Ingeniería de Software;2020;Egresado;1.37;51.34;No;No
1853;Economía;Economía;2018;Retirado;8.87;54.69;No;No
675;Artes;Diseño;2015;Egresado;2.21;69.68;Sí;No
1084;Economía;Contaduría;2019;Activo;7.82;99.31;No;Sí
100;Artes;Música;2010;Egresado;7.82;92.81;No;No
1180;Artes;Artes Plásticas;0;No registrado;1.74;63.39;No;No
965;Humanidades;Historia;2010;No registrado;1.5;58.65;Sí;No
793;Economía;Contaduría;2014;Retirado;7.52;50.15;No;Sí
30;Salud;Medicina;2019;Egresado;7.44;84.53;No;Sí
945;Ingeniería;Ingeniería Civil;2020;Retirado;7.95;66.2;Sí;No
573;Humanidades;Historia;2011;Retirado;7.89;88.6;No;Sí
1081;Economía;Administración de Empresas;2012;Retirado;5.04;51.32;No;Sí
451;Economía;Contaduría;2013;Activo;4.66;54.51;Sí;No
1610;Artes;Artes Plásticas;0;Activo;3.66;54.11;No;Sí
1291;Ciencias Sociales;Trabajo Social;2022;Activo;6.08;74.37;No;Sí
1079;Salud;Enfermería;2019;Activo;2.06;74.82;Sí;No
1928;Humanidades;Historia;2019;Egresado;1.9;51.97;No;No
586;Ciencias Sociales;Trabajo Social;2014;Retirado;2.79;87.59;Sí;Sí
1569;Ciencias Sociales;Psicología;2022;Activo;5.43;99.65;Sí;No
825;Ciencias Sociales;Trabajo Social;2015;Egresado;1.77;69.73;Sí;Sí
508;Ingeniería;Ingeniería Civil;2014;Egresado;8.12;84.93;No;No
890;Ingeniería;Ingeniería de Software;2016;Activo;8.34;97.62;No;No
71;Economía;Contaduría;2015;Activo;7.9;100.0;Sí;Sí
1609;Salud;Nutrición;2014;Retirado;5.02;56.47;No;Sí
248;Salud;Enfermería;0;Retirado;5.34;94.95;No;No
1451;Ingeniería;Ingeniería Ambiental;2022;Activo;4.64;85.97;No;No
213;Salud;Nutrición;2020;Egresado;2.95;73.57;No;Sí
1414;Salud;Medicina;2015;Activo;4.86;84.94;No;Sí
1742;Artes;Música;2015;Activo;3.08;56.14;Sí;Sí
1245;Economía;Administración de Empresas;2010;No registrado;6.59;54.68;No;Sí
1697;Ingeniería;Ingeniería de Software;2015;Activo;2.77;86.54;Sí;No
362;Ciencias Sociales;Sociología;2011;Retirado;8.73;82.43;No;No
1474;Artes;Diseño;2015;Retirado;5.1;65.21;No;Sí
1622;Ingeniería;Ingeniería Ambiental;2010;Activo;1.96;98.35;No;Sí
1090;Humanidades;Historia;2020;Activo;4.92;64.07;No;No
1988;Ingeniería;Ingeniería Civil;2011;Activo;3.93;54.32;Sí;No
1848;Economía;Contaduría;2017;Retirado;9.91;54.26;No;Sí
1513;Ingeniería;Ingeniería Ambiental;2012;Activo;8.78;80.98;No;No
112;Humanidades;Historia;2016;Activo;1.15;79.2;No;Sí
1488;Ciencias Sociales;Psicología;2010;Activo;5.34;71.19;No;No
1396;Ingeniería;Ingeniería Civil;2019;Egresado;4.26;67.55;No;Sí
325;Ciencias Sociales;Sociología;2012;Activo;7.87;50.94;No;No
1624;Ingeniería;Ingeniería Ambiental;2019;Retirado;5.07;79.2;No;Sí
788;Economía;Economía;2015;Retirado;2.73;86.46;No;No
369;Economía;Contaduría;2012;Egresado;2.11;98.48;No;Sí
1820;Ingeniería;Ingeniería Ambiental;2021;Activo;4.4;81.33;Sí;No
70;Salud;Nutrición;2015;Retirado;4.53;96.9;No;Sí
858;Economía;Economía;2018;Activo;1.49;83.27;Sí;No
1484;Humanidades;Historia;2020;Activo;5.64;81.84;No;No
1556;Salud;Medicina;2020;Egresado;5.96;71.13;No;No
1692;Humanidades;Filosofía;2012;Activo;5.72;77.28;No;No
1475;Salud;Enfermería;2011;No registrado;8.35;84.29;No;No
479;Ciencias Sociales;Trabajo Social;2019;Retirado;3.82;91.36;No;No
282;Artes;Diseño;2015;Egresado;3.12;69.71;No;Sí
1648;Ingeniería;Ingeniería Civil;2021;Activo;7.98;88.38;No;No
1557;Ingeniería;Ingeniería Civil;2019;Retirado;4.65;86.92;Sí;Sí
1730;Artes;Artes Plásticas;2016;Egresado;9.75;89.1;No;Sí
211;Economía;Economía;2015;Egresado;5.34;75.09;Sí;Sí
298;Ingeniería;Ingeniería Civil;2017;Egresado;6.57;82.44;Sí;No
1885;Ingeniería;Ingeniería Civil;2021;Egresado;5.64;89.14;No;Sí
652;Salud;Enfermería;2018;Retirado;1.06;85.61;No;Sí
1234;Ciencias Sociales;Sociología;2011;Retirado;8.82;81.79;No;No
917;Artes;Diseño;2017;Egresado;3.03;50.31;Sí;No
994;Economía;Contaduría;2014;No registrado;7.85;95.61;No;No
430;Ingeniería;Ingeniería Civil;2022;Retirado;9.66;74.3;No;No
1371;Humanidades;Literatura;2012;Egresado;5.5;55.19;No;No
240;Ciencias Sociales;Psicología;2018;Egresado;4.95;84.46;No;Sí
880;Artes;Música;2012;Activo;9.5;85.65;No;No
621;Economía;Administración de Empresas;2020;Activo;9.77;76.59;No;No
257;Ciencias Sociales;Trabajo Social;2022;Activo;7.35;56.76;No;No
612;Salud;Enfermería;2010;Activo;4.98;79.45;No;No
1420;Ingeniería;Ingeniería de Software;2015;Egresado;3.02;97.8;No;No
1042;Ingeniería;Ingeniería Civil;2021;Activo;2.14;96.26;No;Sí
1790;Economía;Contaduría;2014;Egresado;3.78;71.57;No;Sí
383;Ciencias Sociales;Sociología;2019;Retirado;4.47;53.03;No;No
1104;Ciencias Sociales;Psicología;2012;Retirado;5.82;61.72;No;No
974;Salud;Medicina;2011;Egresado;2.28;51.39;No;No
353;Economía;Economía;2020;No registrado;2.34;51.79;Sí;No
1826;Ciencias Sociales;Psicología;2016;Activo;7.91;80.95;No;No
1037;Economía;Economía;2018;No registrado;6.44;84.72;No;Sí
1108;Ingeniería;Ingeniería Civil;2020;Retirado;8.8;72.71;No;No
495;Economía;Contaduría;2016;Activo;4.37;91.0;No;Sí
394;Economía;Economía;2010;Egresado;4.62;70.56;No;No
1547;Artes;Artes Plásticas;2017;Egresado;9.09;71.54;No;No
1902;Salud;Enfermería;2021;Egresado;3.67;55.96;Sí;No
887;Ciencias Sociales;Trabajo Social;2012;No registrado;7.41;60.6;Sí;Sí
1194;Ciencias Sociales;Psicología;2013;Activo;6.78;75.85;No;Sí
367;Artes;Artes Plásticas;2018;Activo;2.03;78.1;No;No
1894;Artes;Artes Plásticas;0;Activo;6.33;86.57;No;No
1874;Artes;Música;2017;Activo;7.47;64.86;No;No
1890;Ciencias Sociales;Sociología;2017;Retirado;8.53;80.64;Sí;No
530;Economía;Contaduría;2022;No registrado;1.95;86.41;No;No
803;Salud;Medicina;2014;Egresado;8.99;57.12;No;No
1224;Salud;Medicina;2013;Retirado;5.31;80.69;No;No
1979;Salud;Nutrición;0;Retirado;6.61;82.46;No;No
1906;Artes;Diseño;2016;Retirado;7.47;99.97;No;No
1700;Ingeniería;Ingeniería Ambiental;2010;Retirado;6.82;71.79;No;No
1545;Economía;Administración de Empresas;2010;Egresado;5.72;95.67;No;Sí
1314;Ciencias Sociales;Psicología;2012;Retirado;3.43;76.26;No;No
307;Economía;Contaduría;2022;Activo;3.16;50.62;No;No
1667;Artes;Música;2022;Retirado;4.0;50.95;Sí;No
1567;Ciencias Sociales;Sociología;2012;Activo;2.13;83.17;No;No
531;Ingeniería;Ingeniería Civil;2021;Activo;6.16;62.62;No;Sí
655;Ingeniería;Ingeniería de Software;2011;Activo;5.48;98.79;Sí;No
1260;Humanidades;Literatura;2022;Activo;9.95;56.94;No;No
234;Economía;Administración de Empresas;2016;Retirado;1.06;70.59;No;Sí
121;Ciencias Sociales;Trabajo Social;2020;Activo;3.42;58.36;Sí;Sí
1698;Artes;Diseño;2015;Retirado;1.54;86.89;No;Sí
618;Ingeniería;Ingeniería Civil;2015;Egresado;3.56;94.04;Sí;No
1179;Ciencias Sociales;Sociología;2011;Retirado;5.95;62.71;Sí;No
136;Artes;Música;2021;Activo;4.58;91.24;No;Sí
1674;Humanidades;Historia;2013;Egresado;7.51;70.83;No;Sí
584;Artes;Diseño;2015;Retirado;9.11;73.77;No;No
671;Salud;Enfermería;2017;Activo;7.0;87.3;No;Sí
835;Artes;Diseño;2019;Activo;9.33;58.63;No;No
1165;Salud;Enfermería;2020;Activo;4.86;68.03;No;No
1960;Ciencias Sociales;Sociología;2019;Activo;8.79;95.99;Sí;Sí
1465;Salud;Enfermería;2013;Retirado;8.48;92.64;No;Sí
1729;Economía;Administración de Empresas;2013;Egresado;7.2;54.84;No;Sí
138;Ciencias Sociales;Sociología;2010;Retirado;3.63;56.33;No;No
212;Humanidades;Literatura;2020;Activo;6.83;62.18;Sí;No
1768;Ingeniería;Ingeniería de Software;2010;Egresado;3.91;65.99;Sí;Sí
680;Artes;Artes Plásticas;2021;Activo;7.17;85.85;No;No
1951;Ingeniería;Ingeniería Civil;2011;Activo;5.16;98.01;No;No
1839;Economía;Contaduría;2019;Activo;3.54;66.36;No;Sí
412;Ciencias Sociales;Psicología;2018;Activo;7.5;74.67;No;No
1325;Ingeniería;Ingeniería de Software;2016;Retirado;5.42;78.15;No;Sí
783;Economía;Administración de Empresas;2019;Retirado;3.21;67.07;No;No
1346;Salud;Medicina;2011;Retirado;7.66;77.45;No;Sí
875;Humanidades;Literatura;2011;Egresado;4.12;50.46;No;No
1653;Salud;Nutrición;2010;Retirado;1.27;85.88;Sí;Sí
1279;Ingeniería;Ingeniería de Software;2014;Activo;1.07;64.02;No;No
786;Ciencias Sociales;Psicología;2013;Activo;3.18;57.08;No;No
1819;Ciencias Sociales;Sociología;2018;Egresado;3.7;87.14;No;No
1199;Salud;Medicina;2015;Activo;8.77;70.92;Sí;No
713;Ingeniería;Ingeniería Civil;2012;Retirado;4.94;84.95;Sí;No
1991;Humanidades;Filosofía;2015;Retirado;6.23;88.12;No;No
1660;Economía;Administración de Empresas;2019;Egresado;8.27;94.87;No;No
1191;Ciencias Sociales;Psicología;2020;Retirado;9.48;87.15;Sí;Sí
603;Artes;Diseño;0;No registrado;2.0;66.56;No;Sí
1385;Economía;Administración de Empresas;2019;Egresado;5.35;81.83;Sí;Sí
50;Humanidades;Historia;2019;Retirado;7.13;54.86;No;Sí
463;Economía;Contaduría;2022;No registrado;9.05;85.87;No;Sí
1106;Artes;Artes Plásticas;2021;Retirado;7.52;73.57;No;Sí
856;Economía;Contaduría;2011;Retirado;2.08;80.15;No;Sí
694;Humanidades;Historia;2018;Egresado;4.56;91.14;No;No
1552;Ciencias Sociales;Psicología;0;Retirado;1.5;91.89;No;Sí
1873;Economía;Contaduría;2019;Activo;6.37;58.75;No;No
527;Economía;Contaduría;2017;Egresado;3.55;69.47;No;Sí
721;Humanidades;Historia;2015;Retirado;8.18;58.67;No;No
415;Ingeniería;Ingeniería de Software;2020;Retirado;4.52;52.62;Sí;No
266;Humanidades;Historia;2010;Activo;9.68;78.66;No;Sí
1336;Humanidades;Filosofía;2019;Retirado;6.32;65.72;Sí;No
1064;Salud;Enfermería;2020;Activo;2.55;87.59;No;No
24;Economía;Economía;2021;Activo;9.26;56.67;No;No
1767;Ingeniería;Ingeniería Ambiental;2012;Egresado;1.34;93.34;Sí;Sí
64;Ciencias Sociales;Psicología;2013;Retirado;1.65;52.12;No;No
290;Ingeniería;Ingeniería Civil;2020;Egresado;6.87;63.52;No;Sí
189;Economía;Economía;2010;Retirado;6.74;78.12;No;No
702;Economía;Administración de Empresas;2010;Activo;9.63;85.5;No;Sí
1815;Ciencias Sociales;Sociología;2010;Egresado;8.19;95.39;No;Sí
1138;Humanidades;Historia;2016;Activo;7.17;74.67;No;Sí
417;Humanidades;Filosofía;2016;Activo;5.13;90.75;No;Sí
1246;Salud;Nutrición;2021;Retirado;2.95;75.48;No;No
931;Ciencias Sociales;Psicología;2017;Egresado;9.38;75.14;No;Sí
197;Salud;Nutrición;2013;Activo;2.6;59.35;Sí;No
580;Ciencias Sociales;Trabajo Social;2010;Retirado;4.07;84.81;No;No
1135;Ingeniería;Ingeniería de Software;2011;Activo;6.33;52.94;No;No
1814;Ingeniería;Ingeniería Civil;2013;Activo;7.22;68.72;No;Sí
1935;Salud;Medicina;2013;Retirado;1.16;77.31;No;No
434;Salud;Medicina;2012;Retirado;1.95;51.46;No;Sí
101;Ciencias Sociales;Psicología;2015;Retirado;3.35;61.82;No;No
1939;Humanidades;Filosofía;2016;Retirado;6.33;87.31;No;No
1676;Ciencias Sociales;Trabajo Social;2021;Egresado;8.62;76.46;No;No
1785;Ciencias Sociales;Psicología;2015;Egresado;7.81;75.73;Sí;No
345;Ciencias Sociales;Psicología;2012;Retirado;8.31;89.47;Sí;Sí
1028;Ciencias Sociales;Sociología;0;Activo;2.63;63.49;Sí;No
889;Ciencias Sociales;Trabajo Social;2019;Activo;3.49;88.32;No;No
553;Economía;Contaduría;2012;Retirado;9.43;94.78;No;Sí
1542;Ingeniería;Ingeniería de Software;2020;Activo;9.0;98.83;No;No
539;Salud;Medicina;2021;Activo;3.72;77.57;No;Sí
1395;Artes;Artes Plásticas;2018;Egresado;8.71;58.11;Sí;No
830;Ingeniería;Ingeniería Ambiental;2011;Egresado;1.3;81.65;No;Sí
1938;Artes;Diseño;2013;Retirado;3.8;52.8;No;No
809;Salud;Nutrición;2011;Activo;3.09;97.71;No;No
1311;Ciencias Sociales;Trabajo Social;2022;Retirado;3.1;67.9;Sí;Sí
480;Salud;Medicina;2019;No registrado;2.82;62.02;Sí;No
1424;Humanidades;Filosofía;2012;Retirado;1.32;75.84;No;No
1076;Humanidades;Historia;2014;Retirado;6.26;57.84;No;Sí
571;Artes;Diseño;2012;Retirado;1.09;57.52;Sí;No
1266;Humanidades;Literatura;2013;Retirado;8.76;96.49;No;No
79;Salud;Enfermería;2022;Egresado;8.03;66.6;Sí;Sí
1912;Economía;Economía;2012;Retirado;7.61;71.95;Sí;No
33;Salud;Medicina;2013;Retirado;6.0;73.8;No;No
1538;Salud;Nutrición;2021;Egresado;3.72;59.41;No;Sí
427;Ciencias Sociales;Sociología;2010;Egresado;3.63;70.17;Sí;Sí
1109;Economía;Administración de Empresas;2013;Activo;6.82;53.16;No;No
164;Ingeniería;Ingeniería Ambiental;2017;Retirado;6.78;68.55;No;Sí
204;Ingeniería;Ingeniería de Software;2012;Activo;4.55;54.26;Sí;No
1054;Ciencias Sociales;Psicología;2016;Activo;5.61;73.5;No;Sí
1365;Salud;Nutrición;2018;Egresado;7.65;57.68;No;No
1967;Artes;Música;0;Retirado;1.18;90.53;No;No
496;Salud;Enfermería;2020;Retirado;9.14;71.87;Sí;No
1625;Salud;Enfermería;2014;Retirado;1.93;82.28;No;No
1966;Salud;Medicina;2012;Activo;7.65;99.03;Sí;Sí
1963;Salud;Nutrición;2020;Egresado;2.02;76.76;No;Sí
611;Artes;Artes Plásticas;2012;Activo;3.2;73.86;Sí;No
433;Ingeniería;Ingeniería de Software;2019;Activo;8.89;85.83;Sí;No
219;Humanidades;Historia;2019;No registrado;4.61;64.32;No;Sí
1931;Economía;Contaduría;2015;Retirado;2.28;84.42;Sí;No
631;Artes;Artes Plásticas;2021;Retirado;3.04;82.97;No;No
1382;Humanidades;Filosofía;2011;No registrado;7.19;88.23;No;Sí
1302;Salud;Medicina;2019;Activo;3.04;88.28;No;Sí
60;Humanidades;Literatura;2016;Retirado;3.59;55.18;No;Sí
299;Salud;Nutrición;2022;Egresado;9.84;66.21;No;No
1711;Ingeniería;Ingeniería Civil;2017;No registrado;9.8;71.44;No;Sí
74;Ingeniería;Ingeniería Ambiental;2012;Retirado;4.94;61.1;No;No
163;Salud;Enfermería;2014;Activo;5.95;52.73;Sí;Sí
1275;Artes;Artes Plásticas;2022;Egresado;9.65;70.4;No;No
1594;Ciencias Sociales;Trabajo Social;2019;Activo;3.92;87.28;No;No
1613;Economía;Contaduría;2021;Activo;6.15;80.35;Sí;No
1942;Artes;Diseño;2018;Retirado;4.91;51.99;No;No
317;Humanidades;Historia;2018;Retirado;1.79;59.72;No;No
46;Humanidades;Historia;2016;Egresado;8.73;65.83;No;No
1832;Ciencias Sociales;Trabajo Social;2017;No registrado;6.54;65.61;No;No
345;Economía;Economía;2022;Retirado;3.6;58.82;Sí;Sí
582;Ciencias Sociales;Sociología;2014;Egresado;4.2;88.62;No;No
77;Humanidades;Historia;2018;Retirado;4.51;81.78;No;Sí
1135;Ingeniería;Ingeniería Civil;2018;Egresado;2.68;88.79;No;No
1415;Ciencias Sociales;Psicología;2016;Retirado;2.13;57.69;Sí;No
781;Ciencias Sociales;Trabajo Social;2019;Retirado;9.58;89.18;No;Sí
1174;Artes;Artes Plásticas;2015;Activo;7.91;95.25;No;No
1320;Humanidades;Historia;2011;Retirado;4.93;86.58;No;No
938;Salud;Nutrición;2019;Activo;2.96;90.31;No;No
31;Humanidades;Historia;2015;Egresado;1.95;81.78;No;No
1616;Artes;Diseño;2019;Activo;5.53;76.86;No;No
975;Salud;Enfermería;2020;Egresado;3.2;90.62;No;Sí
1085;Salud;Enfermería;2022;Retirado;2.73;58.59;No;No
1551;Ciencias Sociales;Sociología;2011;Egresado;2.24;57.49;Sí;No
1568;Humanidades;Historia;2013;Egresado;2.32;73.25;No;Sí
1811;Artes;Diseño;2012;Retirado;5.27;85.44;No;No
1574;Humanidades;Literatura;2018;Activo;6.15;72.84;No;No
45;Economía;Administración de Empresas;2022;Activo;1.33;79.51;No;No
1687;Humanidades;Filosofía;2021;Activo;3.49;74.55;No;Sí
169;Humanidades;Filosofía;2017;Retirado;8.82;98.71;No;No
304;Ciencias Sociales;Sociología;2016;Egresado;1.66;52.72;No;Sí
991;Ingeniería;Ingeniería Ambiental;2011;Activo;2.26;69.84;Sí;No
556;Ciencias Sociales;Sociología;2010;Egresado;6.14;76.04;No;Sí
608;Ciencias Sociales;Psicología;2019;Egresado;4.4;82.42;No;No
1619;Artes;Diseño;2022;Retirado;1.85;86.33;No;No
758;Ingeniería;Ingeniería Civil;2010;Activo;9.41;70.78;No;No
439;Economía;Contaduría;2020;Activo;5.93;83.89;No;No
583;Artes;Diseño;2013;Retirado;7.69;75.66;Sí;Sí
528;Ingeniería;Ingeniería Civil;2018;Retirado;5.62;57.57;No;No
343;Salud;Medicina;2015;No registrado;4.81;98.17;No;No
1737;Artes;Música;2016;Activo;1.2;51.22;Sí;Sí
368;Ingeniería;Ingeniería de Software;2017;Activo;8.03;92.92;Sí;No
186;Humanidades;Literatura;2020;Retirado;2.18;55.65;No;Sí
1117;Economía;Administración de Empresas;2017;Egresado;4.35;50.62;Sí;Sí
1755;Artes;Diseño;2012;Egresado;9.88;50.73;No;Sí
1426;Ingeniería;Ingeniería de Software;2011;No registrado;9.03;61.87;Sí;No
301;Economía;Contaduría;2012;Retirado;3.15;84.58;No;No
1904;Artes;Diseño;2020;Retirado;4.48;59.05;No;Sí
833;Salud;Enfermería;2018;Egresado;7.36;58.85;Sí;Sí
1601;Salud;Medicina;2016;Retirado;9.98;74.16;Sí;Sí
351;Humanidades;Historia;2015;Retirado;6.38;52.28;Sí;No
1933;Ingeniería;Ingeniería Civil;2020;No registrado;3.01;60.68;Sí;No
1511;Economía;Contaduría;2010;Egresado;8.44;75.85;No;No
979;Artes;Diseño;2021;No registrado;2.01;96.51;No;Sí
176;Artes;Música;2018;Activo;9.1;61.11;Sí;No
483;Economía;Economía;2022;Activo;6.49;57.62;No;No
1413;Humanidades;Historia;2015;Retirado;5.67;98.72;No;No
1611;Salud;Enfermería;2015;Egresado;2.84;89.78;No;Sí
124;Economía;Contaduría;2020;Egresado;7.44;53.7;No;No
600;Artes;Diseño;2022;Retirado;4.53;74.74;No;No
1795;Salud;Medicina;2011;Retirado;5.22;90.23;No;No
1746;Ingeniería;Ingeniería de Software;2015;Retirado;3.1;91.48;Sí;No
1379;Artes;Artes Plásticas;2017;Activo;7.97;68.24;No;Sí
486;Ciencias Sociales;Sociología;2012;Activo;8.87;67.45;No;No
332;Ingeniería;Ingeniería de Software;0;Egresado;6.96;63.08;No;No
789;Ciencias Sociales;Trabajo Social;2013;Retirado;8.47;86.27;Sí;No
195;Ingeniería;Ingeniería Civil;2022;Egresado;2.32;89.22;Sí;No
638;Ciencias Sociales;Sociología;2011;Egresado;4.61;79.3;No;Sí
472;Humanidades;Historia;2011;Activo;6.44;76.52;No;No
1714;Ciencias Sociales;Sociología;2019;Activo;9.89;99.82;No;Sí
323;Ingeniería;Ingeniería de Software;2012;Retirado;8.01;96.05;Sí;Sí
1197;Economía;Economía;2013;Retirado;9.25;55.26;No;No
267;Economía;Economía;2018;Egresado;7.25;76.35;No;No
1544;Ingeniería;Ingeniería Ambiental;2018;Activo;3.68;89.95;No;No
68;Salud;Nutrición;2017;Retirado;3.89;57.54;Sí;Sí
1738;Ciencias Sociales;Sociología;2021;Activo;2.29;68.03;No;No
1593;Ciencias Sociales;Sociología;2019;Egresado;4.86;54.67;Sí;No
1564;Artes;Diseño;2010;Activo;7.99;75.61;No;No
481;Economía;Contaduría;2022;Egresado;7.32;70.36;No;Sí
1757;Humanidades;Filosofía;2019;No registrado;3.11;59.08;No;Sí
1913;Artes;Música;2018;Egresado;4.66;96.65;Sí;No
1441;Ciencias Sociales;Psicología;2020;Activo;8.09;62.43;No;Sí
1461;Salud;Medicina;2020;Egresado;2.57;62.02;No;No
888;Ingeniería;Ingeniería Civil;2020;Retirado;7.09;56.09;No;No
423;Ciencias Sociales;Psicología;2016;Activo;9.29;57.64;No;Sí
1450;Economía;Administración de Empresas;2013;Retirado;6.08;85.07;No;No
765;Salud;Nutrición;2021;Activo;6.22;62.44;No;Sí
515;Ciencias Sociales;Psicología;2022;No registrado;6.05;85.66;Sí;No
1432;Humanidades;Historia;2015;Activo;3.74;67.55;No;Sí
614;Economía;Administración de Empresas;2018;Activo;7.87;75.09;No;No
1531;Humanidades;Historia;2015;Activo;4.48;81.58;No;Sí
1783;Humanidades;Historia;2010;Activo;2.91;67.11;No;No
1659;Salud;Nutrición;2019;Egresado;8.29;71.86;No;Sí
731;Ingeniería;Ingeniería Civil;2014;Activo;8.01;68.45;Sí;No
535;Salud;Nutrición;2022;Activo;1.66;95.22;No;No
1285;Artes;Diseño;2014;Activo;1.26;55.93;No;No
1740;Economía;Contaduría;2022;Retirado;4.19;92.14;No;No
262;Humanidades;Filosofía;2016;Activo;9.13;82.31;No;No
536;Humanidades;Literatura;2010;Activo;4.88;92.49;No;Sí
969;Ingeniería;Ingeniería Civil;2011;Activo;5.12;61.79;No;No
241;Artes;Música;2019;Retirado;5.78;90.97;No;No
820;Artes;Diseño;2018;Retirado;6.63;52.59;Sí;Sí
1086;Ciencias Sociales;Psicología;2013;Retirado;7.63;79.28;Sí;Sí
1999;Ciencias Sociales;Sociología;2017;Egresado;6.21;50.5;No;Sí
366;Humanidades;Filosofía;2012;Egresado;1.78;58.66;Sí;No
1241;Economía;Contaduría;2012;Retirado;6.9;60.18;No;No
589;Humanidades;Filosofía;2010;Egresado;6.81;59.4;No;No
737;Artes;Diseño;2017;No registrado;6.6;52.55;No;Sí
1762;Artes;Diseño;2020;No registrado;6.19;90.05;No;No
942;Salud;Nutrición;2012;Egresado;8.58;85.37;Sí;No
72;Salud;Enfermería;2012;Retirado;2.49;70.54;No;Sí
260;Ciencias Sociales;Trabajo Social;2013;Activo;9.59;80.85;No;No
52;Salud;Enfermería;2016;Retirado;4.32;63.11;No;No
199;Ciencias Sociales;Sociología;2015;Activo;6.56;78.07;No;No
1789;Ciencias Sociales;Trabajo Social;2017;Retirado;6.32;80.17;No;No
651;Artes;Artes Plásticas;2015;Retirado;3.27;51.38;No;No
333;Economía;Economía;2018;Egresado;2.48;65.62;No;No
1360;Ciencias Sociales;Psicología;2022;Retirado;8.11;71.22;No;Sí
1392;Ingeniería;Ingeniería Civil;2021;Egresado;4.53;61.59;No;No
768;Salud;Nutrición;2014;Retirado;7.15;59.35;No;Sí
1112;Salud;Medicina;2012;Egresado;1.08;63.31;No;No
1327;Ciencias Sociales;Psicología;2011;Activo;3.97;84.12;Sí;Sí
427;Artes;Música;2018;Egresado;7.61;96.22;No;Sí
1559;Humanidades;Literatura;0;Activo;6.04;86.45;Sí;No
591;Ingeniería;Ingeniería Ambiental;2021;Retirado;9.17;89.05;No;No
1958;Ingeniería;Ingeniería de Software;2016;Egresado;7.72;55.56;Sí;No
1977;Humanidades;Filosofía;2010;Activo;2.03;54.28;Sí;No
1133;Salud;Enfermería;2022;Egresado;2.19;62.41;No;No
986;Artes;Música;2011;Egresado;9.61;95.91;No;Sí
399;Ciencias Sociales;Sociología;2013;Retirado;8.63;59.8;Sí;Sí
193;Humanidades;Filosofía;2012;Retirado;5.61;77.39;No;No
1436;Ingeniería;Ingeniería de Software;2013;Retirado;9.43;74.59;No;Sí
615;Ciencias Sociales;Trabajo Social;2015;Egresado;8.1;63.47;No;No
1494;Ciencias Sociales;Trabajo Social;2020;Activo;8.36;81.76;No;No
577;Humanidades;Literatura;2010;Retirado;6.63;91.17;No;No
987;Ingeniería;Ingeniería de Software;2012;Egresado;9.58;69.22;Sí;No
1433;Ciencias Sociales;Sociología;2012;Egresado;7.83;88.53;No;No
707;Ciencias Sociales;Trabajo Social;2012;Activo;9.04;90.0;No;No
1259;Salud;Medicina;2014;Retirado;5.43;59.34;Sí;No
1358;Humanidades;Literatura;2016;Egresado;5.52;69.96;No;No
3;Humanidades;Literatura;2011;Activo;9.87;93.32;No;No
1668;Humanidades;Literatura;2015;Egresado;3.75;77.24;Sí;No
1870;Ciencias Sociales;Trabajo Social;2014;Retirado;5.75;70.37;Sí;No
1623;Artes;Diseño;2011;Egresado;9.17;73.01;No;Sí
340;Ciencias Sociales;Psicología;0;Activo;3.79;99.56;No;No
1770;Salud;Enfermería;2021;Retirado;5.18;57.04;No;Sí
1537;Economía;Contaduría;2012;Activo;7.96;94.14;No;No
484;Humanidades;Historia;2012;Retirado;1.8;88.6;No;No
377;Artes;Diseño;2011;No registrado;7.72;68.47;No;No
742;Salud;Enfermería;2013;Egresado;6.97;96.31;Sí;No
1014;Artes;Artes Plásticas;2015;No registrado;5.39;67.34;No;Sí
440;Salud;Medicina;0;Retirado;2.24;64.55;Sí;Sí
272;Humanidades;Literatura;0;Egresado;8.89;91.47;No;No
185;Economía;Administración de Empresas;2016;Egresado;6.84;55.65;No;Sí
245;Salud;Enfermería;2022;Egresado;7.32;55.21;No;No
932;Salud;Enfermería;2015;Egresado;3.91;78.79;No;No
446;Ciencias Sociales;Sociología;2013;Retirado;6.33;86.46;No;No
1677;Artes;Artes Plásticas;2020;Egresado;6.31;80.33;No;Sí
487;Ingeniería;Ingeniería Ambiental;2019;Retirado;2.03;77.25;No;Sí
681;Ingeniería;Ingeniería Ambiental;2010;Activo;8.9;59.47;Sí;No
416;Ciencias Sociales;Trabajo Social;2013;Activo;8.47;58.35;No;Sí
274;Salud;Medicina;2010;Retirado;1.2;81.94;Sí;Sí
1830;Ciencias Sociales;Sociología;2019;Activo;6.06;99.6;No;Sí
1455;Humanidades;Filosofía;2013;Activo;2.19;99.11;No;No
414;Ciencias Sociales;Psicología;2012;Activo;2.6;87.07;Sí;No
1386;Salud;Nutrición;2020;Egresado;8.16;71.47;Sí;No
1308;Economía;Contaduría;2021;Activo;3.18;93.05;No;No
716;Economía;Administración de Empresas;2011;Retirado;5.87;57.31;Sí;No
311;Salud;Medicina;2018;Retirado;5.07;83.67;No;No
927;Ciencias Sociales;Psicología;2011;Activo;8.07;95.98;No;No
382;Ciencias Sociales;Psicología;2014;Activo;4.67;80.72;No;Sí
426;Salud;Enfermería;2012;Retirado;6.96;55.84;Sí;No
533;Ingeniería;Ingeniería Ambiental;2016;Retirado;8.04;55.9;Sí;No
431;Artes;Artes Plásticas;2010;Egresado;2.3;89.28;No;Sí
1357;Ciencias Sociales;Psicología;2020;Activo;2.43;85.85;No;No
1615;Economía;Administración de Empresas;2010;Egresado;9.98;70.11;Sí;No
695;Ciencias Sociales;Psicología;0;Activo;2.24;69.38;No;Sí
1739;Artes;Diseño;2022;Activo;6.38;62.93;Sí;Sí
549;Humanidades;Filosofía;2019;Activo;8.19;61.54;No;No
937;Ciencias Sociales;Psicología;2011;Egresado;5.67;51.82;No;No
1390;Ciencias Sociales;Sociología;2017;Egresado;2.96;67.26;Sí;Sí
1940;Ciencias Sociales;Trabajo Social;2021;Retirado;8.07;98.62;Sí;No
183;Humanidades;Historia;2020;Activo;7.02;54.5;No;No
1941;Economía;Contaduría;2016;Retirado;6.25;67.65;No;No
1161;Salud;Enfermería;2014;Activo;1.99;80.47;No;Sí
171;Salud;Enfermería;2011;Activo;6.35;93.52;No;Sí
293;Ciencias Sociales;Sociología;2010;Egresado;3.32;58.9;Sí;No
562;Humanidades;Literatura;0;Activo;2.5;81.26;No;No
1877;Ciencias Sociales;Trabajo Social;2013;Retirado;3.71;67.98;Sí;Sí
1652;Humanidades;Filosofía;2015;Egresado;8.21;71.2;No;No
273;Ciencias Sociales;Sociología;0;Retirado;3.95;54.91;No;No
1550;Ciencias Sociales;Psicología;2014;Activo;1.81;51.37;Sí;No
1035;Ingeniería;Ingeniería de Software;2011;Retirado;8.38;74.72;No;No
1744;Economía;Contaduría;2012;Retirado;6.47;78.92;Sí;No
372;Humanidades;Historia;2018;Activo;5.02;77.22;No;No
722;Economía;Contaduría;2019;Egresado;6.45;98.33;No;No
734;Ciencias Sociales;Sociología;2015;Activo;4.71;68.68;No;Sí
778;Salud;Enfermería;2019;Retirado;1.48;76.68;No;No
519;Economía;Contaduría;2020;Egresado;6.98;64.41;No;Sí
1053;Humanidades;Historia;2011;Egresado;4.04;55.97;No;Sí
16;Salud;Medicina;2013;Egresado;3.26;52.54;No;No
708;Ingeniería;Ingeniería Civil;2013;Retirado;3.28;71.1;No;No
901;Humanidades;Literatura;2021;Retirado;6.11;79.65;No;No
1573;Artes;Artes Plásticas;2017;Retirado;5.17;71.75;Sí;Sí
904;Salud;Nutrición;2014;Egresado;4.44;95.39;No;Sí
200;Economía;Economía;2018;Activo;8.4;90.14;No;Sí
1207;Ingeniería;Ingeniería Civil;2014;Activo;1.35;91.54;No;No
1056;Humanidades;Historia;2012;Egresado;2.46;69.54;No;No
1132;Humanidades;Filosofía;2014;Retirado;1.51;94.59;No;No
1380;Salud;Enfermería;2022;Retirado;5.71;79.16;Sí;Sí
999;Salud;Enfermería;2021;Retirado;2.63;58.52;No;Sí
728;Artes;Diseño;2021;Retirado;4.5;69.05;No;No
1772;Ingeniería;Ingeniería Civil;2010;Egresado;6.46;89.33;No;No
1910;Artes;Diseño;2013;Egresado;9.19;66.13;No;No
1822;Salud;Nutrición;2018;Retirado;9.33;69.56;Sí;No
275;Salud;Nutrición;2018;No registrado;9.49;78.7;Sí;Sí
1097;Economía;Contaduría;2015;Egresado;8.64;93.84;No;No
102;Humanidades;Literatura;2012;Egresado;6.45;77.46;No;No
1722;Humanidades;Literatura;2013;Egresado;6.07;97.16;Sí;Sí
1833;Salud;Nutrición;2017;Activo;6.86;99.83;No;Sí
108;Ciencias Sociales;Psicología;2020;Egresado;1.55;93.99;No;No
1618;Humanidades;Literatura;2018;Retirado;9.83;67.57;Sí;Sí
498;Ciencias Sociales;Trabajo Social;2022;Egresado;3.47;81.37;No;No
757;Economía;Economía;2022;Activo;6.59;79.32;No;No
1107;Ingeniería;Ingeniería Civil;2014;Retirado;6.92;82.7;Sí;Sí
1936;Ciencias Sociales;Trabajo Social;2014;Egresado;7.93;62.61;No;Sí
810;Ciencias Sociales;Trabajo Social;2019;Egresado;7.75;75.66;No;Sí
1038;Ciencias Sociales;Psicología;2014;Activo;4.38;79.86;Sí;No
73;Ciencias Sociales;Psicología;2019;Egresado;8.0;70.93;Sí;Sí
1284;Ciencias Sociales;Trabajo Social;2010;Egresado;2.68;70.79;Sí;No
1335;Ciencias Sociales;Trabajo Social;2016;Activo;9.24;50.67;No;Sí
1459;Ingeniería;Ingeniería de Software;2012;Activo;5.74;91.1;Sí;Sí
482;Economía;Economía;2011;Activo;8.27;88.44;Sí;No
1069;Ingeniería;Ingeniería Civil;2015;Egresado;2.09;71.15;Sí;Sí
1238;Humanidades;Filosofía;2016;Egresado;6.3;63.93;No;Sí
1862;Salud;Nutrición;2017;Activo;9.5;72.19;Sí;Sí
1990;Ciencias Sociales;Psicología;2014;Retirado;6.56;96.81;No;Sí
1867;Humanidades;Literatura;2011;Activo;9.63;56.29;No;No
1456;Salud;Medicina;2010;Retirado;9.63;83.36;No;Sí
312;Ciencias Sociales;Psicología;2012;Activo;6.65;98.48;No;Sí
406;Ciencias Sociales;Psicología;2019;Egresado;5.15;65.65;Sí;No
1650;Ingeniería;Ingeniería Ambiental;2013;Egresado;6.93;57.7;No;No
310;Ciencias Sociales;Sociología;2013;Retirado;9.45;97.96;Sí;No
227;Ingeniería;Ingeniería de Software;2013;Egresado;8.2;73.65;Sí;No
1858;Ciencias Sociales;Trabajo Social;2022;Retirado;6.91;78.18;No;No
711;Artes;Artes Plásticas;2017;Activo;7.27;96.25;No;Sí
1944;Artes;Diseño;2016;Retirado;6.57;59.92;Sí;No
1786;Economía;Economía;2020;Activo;5.03;59.12;No;No
149;Artes;Música;2013;Retirado;9.06;87.39;No;No
1555;Humanidades;Filosofía;2015;Activo;2.01;87.12;No;No
1957;Ciencias Sociales;Psicología;2014;Egresado;3.49;51.69;No;No
926;Humanidades;Historia;2014;Egresado;1.33;69.58;Sí;Sí
576;Artes;Música;2013;Activo;2.61;50.53;No;No
1236;Economía;Contaduría;0;Retirado;7.15;78.51;No;Sí
1361;Salud;Nutrición;2021;Activo;2.86;90.91;Sí;Sí
1348;Artes;Música;2011;Retirado;6.73;62.5;No;Sí
1162;Ingeniería;Ingeniería de Software;0;Activo;7.09;79.22;No;No
287;Artes;Diseño;2017;Retirado;8.05;80.79;Sí;Sí
1605;Economía;Contaduría;2021;Activo;6.72;74.09;No;Sí
1901;Ingeniería;Ingeniería Civil;2010;Retirado;3.32;64.1;Sí;No
599;Salud;Medicina;2011;Activo;2.0;93.24;No;No
933;Ingeniería;Ingeniería Ambiental;2011;Egresado;7.01;77.22;Sí;No
1638;Economía;Contaduría;2018;Egresado;7.58;59.81;Sí;Sí
1588;Ingeniería;Ingeniería Civil;2015;Egresado;5.67;93.8;Sí;Sí
1231;Ciencias Sociales;Sociología;2011;No registrado;5.19;88.42;Sí;Sí
807;Artes;Música;2016;Retirado;8.85;82.1;No;Sí
1205;Ingeniería;Ingeniería Ambiental;2013;Egresado;1.3;59.73;Sí;No
768;Salud;Medicina;0;Activo;7.2;73.84;No;Sí
610;Salud;Nutrición;2011;Activo;5.71;89.86;Sí;No
1993;Ciencias Sociales;Sociología;2016;Retirado;2.86;72.51;Sí;Sí
1565;Ingeniería;Ingeniería de Software;2018;Retirado;2.39;71.76;No;No
1423;Artes;Artes Plásticas;2015;Egresado;6.29;81.7;No;Sí
1011;Ciencias Sociales;Sociología;2010;Activo;3.17;50.52;No;No
494;Salud;Enfermería;2017;Egresado;9.23;91.02;No;No
1321;Humanidades;Historia;2013;Activo;4.13;92.63;No;No
278;Economía;Economía;2015;Activo;4.65;55.35;No;Sí
1847;Ciencias Sociales;Sociología;2015;Retirado;4.55;79.67;Sí;Sí
359;Ciencias Sociales;Trabajo Social;2013;Egresado;5.96;75.67;No;No
1111;Salud;Enfermería;2012;Egresado;7.12;95.0;Sí;Sí
237;Ingeniería;Ingeniería de Software;0;Egresado;8.45;88.41;Sí;No
552;Economía;Administración de Empresas;2021;Retirado;4.03;66.83;No;Sí
1868;Humanidades;Literatura;2021;Egresado;6.2;59.07;No;No
1813;Economía;Contaduría;2021;Activo;5.98;70.26;No;Sí
1387;Salud;Medicina;2021;Egresado;3.07;90.72;No;No
59;Economía;Contaduría;2016;Egresado;2.37;53.36;No;Sí
632;Salud;Nutrición;0;Egresado;8.15;50.72;No;No
1962;Economía;Administración de Empresas;2018;Egresado;6.46;87.57;No;No
1860;Artes;Música;0;Activo;6.86;88.2;No;No
1817;Salud;Medicina;2020;Activo;8.91;58.68;No;Sí
364;Economía;Administración de Empresas;2019;Retirado;8.81;53.04;Sí;No
1166;Artes;Artes Plásticas;2012;Activo;6.78;68.58;No;No
1122;Humanidades;Historia;2022;Egresado;7.4;98.22;No;No
1217;Ciencias Sociales;Sociología;0;Egresado;8.8;67.9;No;No
1152;Economía;Administración de Empresas;2012;Retirado;4.43;57.85;No;No
1125;Economía;Contaduría;2020;No registrado;7.26;58.32;No;Sí
1595;Artes;Diseño;2019;Activo;8.93;81.66;No;No
119;Economía;Economía;2016;Retirado;4.42;64.77;Sí;Sí
1250;Artes;Diseño;2015;Egresado;5.91;97.59;No;No
1994;Artes;Artes Plásticas;2011;Egresado;1.1;56.76;Sí;Sí
523;Salud;Enfermería;2018;Egresado;8.61;83.5;No;No
82;Ingeniería;Ingeniería de Software;2017;Egresado;1.69;68.35;No;Sí
916;Ciencias Sociales;Trabajo Social;2022;Activo;3.08;70.95;No;Sí
1019;Humanidades;Historia;2016;Retirado;8.1;91.96;No;No
381;Ingeniería;Ingeniería Ambiental;2013;Retirado;8.26;70.09;Sí;No
1030;Salud;Nutrición;2016;Activo;7.01;96.51;No;No
1689;Artes;Música;2022;Activo;2.83;83.47;No;No
85;Economía;Administración de Empresas;2011;Egresado;5.05;67.23;No;No
1678;Humanidades;Literatura;2016;No registrado;3.66;67.75;Sí;No
330;Artes;Artes Plásticas;2013;Retirado;4.64;71.24;No;No
7;Ciencias Sociales;Trabajo Social;2020;Retirado;2.79;58.08;No;No
746;Humanidades;Literatura;2017;Egresado;3.76;90.73;No;No
1554;Salud;Enfermería;2019;Retirado;8.3;67.77;Sí;No
915;Ingeniería;Ingeniería Civil;2017;Activo;1.06;66.73;No;No
874;Humanidades;Literatura;2019;Egresado;9.68;75.32;No;No
452;Economía;Contaduría;2021;Egresado;9.98;84.89;No;No
1481;Ciencias Sociales;Sociología;2017;Retirado;8.94;68.27;No;No
288;Ciencias Sociales;Psicología;2018;Egresado;9.71;91.09;No;No
949;Economía;Administración de Empresas;2022;Activo;6.87;51.42;No;No
1986;Ciencias Sociales;Trabajo Social;2016;Egresado;4.32;83.66;No;No
1369;Artes;Diseño;2014;Egresado;6.92;92.99;No;Sí
1147;Humanidades;Historia;2012;Egresado;7.52;56.41;No;No
706;Ingeniería;Ingeniería Ambiental;2020;Retirado;7.39;55.85;No;No
1727;Humanidades;Historia;2010;Activo;4.39;76.51;No;No
1702;Ciencias Sociales;Sociología;0;Egresado;8.9;94.36;Sí;Sí
1629;Artes;Artes Plásticas;2017;Egresado;7.45;51.18;No;No
1600;Artes;Música;2015;Activo;8.04;56.47;No;No
1539;Artes;Artes Plásticas;2012;No registrado;6.63;99.59;No;No
1406;Artes;Diseño;2010;Egresado;4.3;69.92;No;No
1651;Ciencias Sociales;Sociología;2020;Egresado;1.56;68.39;Sí;No
328;Ciencias Sociales;Trabajo Social;2011;Egresado;1.99;88.11;No;No
443;Artes;Artes Plásticas;2012;Retirado;3.69;66.26;No;No
775;Ciencias Sociales;Sociología;2013;Egresado;5.05;51.57;No;No
1088;Artes;Música;2016;No registrado;9.03;52.63;No;No
1221;Salud;Nutrición;2010;Activo;6.27;57.3;Sí;No
1636;Artes;Diseño;2011;Retirado;8.95;54.74;Sí;Sí
1323;Economía;Economía;2014;Retirado;7.0;71.68;No;No
705;Ingeniería;Ingeniería Ambiental;2020;Egresado;8.49;89.94;No;No
87;Salud;Nutrición;2019;Activo;9.54;63.23;Sí;No
1884;Economía;Economía;2022;Egresado;9.4;69.65;Sí;Sí
1948;Ciencias Sociales;Psicología;0;Retirado;2.3;76.6;No;No
458;Artes;Música;2019;Egresado;3.54;71.45;No;No
1829;Humanidades;Literatura;2022;Retirado;2.39;58.53;No;No
55;Ingeniería;Ingeniería de Software;2020;Activo;4.0;89.35;Sí;No
1502;Artes;Diseño;2011;Activo;6.84;52.74;No;Sí
644;Ciencias Sociales;Psicología;2010;Retirado;3.37;60.47;No;No
678;Humanidades;Historia;2021;Activo;3.4;95.94;Sí;No
222;Economía;Economía;2022;Egresado;8.76;62.89;No;No
114;Artes;Artes Plásticas;2012;No registrado;1.54;96.7;No;No
983;Economía;Economía;2012;Activo;5.51;83.66;No;Sí
1000;Ingeniería;Ingeniería de Software;2010;Retirado;5.03;73.58;No;No
175;Economía;Administración de Empresas;2010;Retirado;4.09;84.32;No;No
590;Economía;Economía;2020;Activo;1.74;55.07;No;No
1560;Economía;Contaduría;2011;Activo;9.4;69.09;No;No
424;Ciencias Sociales;Sociología;2018;No registrado;9.33;98.52;No;No
1344;Ingeniería;Ingeniería Ambiental;2013;Retirado;8.35;57.85;No;No
286;Economía;Administración de Empresas;2017;Egresado;9.65;64.46;Sí;No
1584;Economía;Economía;2010;Activo;6.14;83.65;Sí;No
1510;Humanidades;Literatura;2018;Activo;5.09;82.54;No;No
1319;Artes;Artes Plásticas;2022;Egresado;6.88;64.7;No;No
670;Artes;Diseño;2017;Egresado;3.76;73.51;No;No
32;Artes;Diseño;2013;Activo;5.06;78.49;No;Sí
941;Salud;Enfermería;2012;Egresado;2.09;57.92;No;Sí
723;Salud;Enfermería;2010;Retirado;6.36;69.34;Sí;Sí
215;Ciencias Sociales;Trabajo Social;2010;Retirado;5.7;52.17;No;Sí
327;Ingeniería;Ingeniería de Software;2013;Activo;5.83;54.93;Sí;No
1113;Humanidades;Historia;2021;Egresado;7.29;75.06;Sí;No
701;Artes;Artes Plásticas;2017;Activo;3.11;78.99;No;No
1579;Artes;Música;0;Activo;2.84;72.6;No;No
1190;Economía;Contaduría;2020;Activo;5.94;54.87;No;No
342;Artes;Diseño;2018;Activo;2.1;66.46;No;Sí
630;Ciencias Sociales;Trabajo Social;2010;Egresado;3.31;77.0;No;No
148;Salud;Medicina;2016;Retirado;8.56;97.55;Sí;No
1310;Humanidades;Historia;2014;Retirado;2.66;93.91;No;No
361;Ingeniería;Ingeniería Ambiental;2010;Activo;5.29;93.44;No;No
84;Artes;Diseño;2015;Activo;8.13;74.7;No;No
469;Ingeniería;Ingeniería de Software;2020;Activo;2.24;50.59;Sí;Sí
156;Artes;Artes Plásticas;0;Egresado;8.55;58.81;No;No
773;Salud;Enfermería;2011;Activo;1.84;79.92;No;No
1240;Humanidades;Historia;2019;Egresado;6.91;59.3;No;No
1203;Artes;Música;2016;Activo;5.14;79.25;No;No
501;Ciencias Sociales;Psicología;2013;Egresado;6.87;90.45;No;No
1765;Ingeniería;Ingeniería de Software;2010;Retirado;8.65;71.79;No;Sí
180;Artes;Diseño;2017;Activo;9.16;50.96;Sí;No
1048;Artes;Diseño;2020;Activo;7.39;59.78;No;No
1756;Economía;Contaduría;2012;Activo;9.54;97.64;No;No
951;Ingeniería;Ingeniería Ambiental;2016;Egresado;5.1;74.0;No;Sí
1317;Ciencias Sociales;Psicología;2011;Retirado;9.18;93.0;No;No
1620;Salud;Medicina;2013;Egresado;7.2;74.83;No;No
347;Ciencias Sociales;Trabajo Social;2022;Activo;7.17;65.97;No;No
1973;Ingeniería;Ingeniería Ambiental;2013;Activo;2.65;76.03;No;No
1442;Salud;Nutrición;2015;No registrado;7.09;65.19;No;No
1282;Ciencias Sociales;Trabajo Social;2010;Activo;2.66;63.21;No;No
244;Economía;Administración de Empresas;2010;Egresado;7.61;53.9;Sí;No
1068;Ciencias Sociales;Psicología;2019;Activo;8.03;92.25;No;No
488;Ingeniería;Ingeniería Ambiental;2015;Retirado;5.57;79.65;Sí;No
313;Artes;Música;2015;Egresado;6.99;77.42;No;No
436;Ingeniería;Ingeniería Civil;2021;Activo;2.04;92.67;No;No
1899;Humanidades;Filosofía;2015;Egresado;3.61;52.57;No;Sí
1329;Ingeniería;Ingeniería de Software;0;Retirado;8.74;93.41;No;No
309;Salud;Nutrición;2022;Retirado;7.62;97.27;No;No
431;Humanidades;Filosofía;2010;Retirado;8.52;51.28;Sí;No
661;Humanidades;Historia;2020;Egresado;9.88;68.59;No;Sí
371;Economía;Economía;2016;Retirado;2.36;98.89;No;No
567;Economía;Administración de Empresas;2011;Egresado;6.67;78.04;Sí;No
980;Humanidades;Literatura;2018;Retirado;7.3;73.55;No;Sí
819;Salud;Medicina;2020;Egresado;5.43;92.85;No;No
953;Salud;Medicina;0;Retirado;4.22;69.01;No;Sí
1422;Ciencias Sociales;Sociología;2017;No registrado;5.85;90.95;Sí;Sí
1841;Artes;Diseño;2015;Egresado;3.64;62.57;No;Sí
923;Artes;Diseño;2022;Egresado;4.2;54.8;No;Sí
297;Salud;Nutrición;2018;Egresado;1.15;66.89;No;No
967;Artes;Artes Plásticas;2017;Retirado;8.42;81.11;No;No
462;Ingeniería;Ingeniería Civil;2019;Retirado;8.96;59.65;No;Sí
1177;Humanidades;Historia;2013;Egresado;4.85;51.08;No;No
799;Salud;Nutrición;2022;Retirado;1.14;99.59;No;Sí
106;Ingeniería;Ingeniería de Software;2021;Retirado;3.07;57.76;Sí;No
127;Economía;Administración de Empresas;2017;Egresado;3.7;55.75;No;No
1996;Humanidades;Historia;2010;Egresado;6.88;65.55;No;No
356;Humanidades;Literatura;2022;Activo;8.21;89.91;No;No
1617;Humanidades;Literatura;2016;Retirado;9.1;98.33;Sí;Sí
683;Economía;Economía;2020;Retirado;9.23;80.28;No;No
813;Economía;Contaduría;2017;Egresado;3.08;62.15;Sí;No
1681;Economía;Contaduría;2012;Egresado;8.22;76.19;No;No
210;Humanidades;Filosofía;2017;Activo;3.92;76.07;No;No
1975;Economía;Administración de Empresas;2016;Egresado;4.34;78.21;No;Sí
1340;Humanidades;Historia;2015;Egresado;9.37;83.61;No;Sí
1575;Salud;Enfermería;2020;Egresado;8.01;86.37;Sí;Sí
1394;Humanidades;Historia;2021;Retirado;9.21;94.81;Sí;No
1816;Salud;Enfermería;2014;Activo;5.78;92.81;No;Sí
712;Ingeniería;Ingeniería de Software;2011;Egresado;4.49;82.69;Sí;Sí
1794;Ingeniería;Ingeniería Civil;2022;Retirado;4.24;71.36;No;No
860;Economía;Administración de Empresas;2012;No registrado;8.92;75.66;No;No
11;Ciencias Sociales;Sociología;2017;Activo;3.25;72.16;No;No
1695;Artes;Música;2016;Activo;8.21;91.66;Sí;No
1428;Artes;Artes Plásticas;2017;Retirado;1.88;51.91;No;No
283;Ciencias Sociales;Psicología;2020;Activo;1.14;74.34;No;No
1342;Salud;Nutrición;2015;Retirado;5.95;93.84;No;Sí
292;Ingeniería;Ingeniería Civil;2012;Retirado;9.7;84.78;Sí;No
755;Ingeniería;Ingeniería Civil;2011;Egresado;2.02;56.07;No;No
627;Ingeniería;Ingeniería de Software;2016;Activo;3.47;66.16;Sí;Sí
944;Ingeniería;Ingeniería Ambiental;2019;Egresado;6.9;62.11;No;No
862;Salud;Medicina;2022;Retirado;5.29;63.36;No;Sí
130;Ciencias Sociales;Psicología;2015;Retirado;6.37;71.15;No;No
1176;Economía;Contaduría;2021;Retirado;8.85;76.89;No;Sí
1091;Ciencias Sociales;Sociología;2013;Activo;2.03;89.63;Sí;No
844;Humanidades;Historia;2020;Retirado;8.3;55.18;No;Sí
964;Salud;Medicina;2010;Activo;4.67;86.7;Sí;No
1865;Salud;Medicina;0;Activo;8.64;69.31;No;No
866;Salud;Nutrición;2010;Activo;1.66;55.65;No;No
696;Ciencias Sociales;Trabajo Social;2015;Retirado;5.58;69.86;Sí;Sí
216;Ciencias Sociales;Psicología;0;Activo;8.89;59.45;No;No
1781;Ingeniería;Ingeniería Civil;2014;Activo;8.89;64.51;Sí;Sí
1262;Ciencias Sociales;Psicología;2016;Activo;8.91;59.91;No;No
159;Ciencias Sociales;Trabajo Social;0;Retirado;2.15;97.44;No;Sí
1059;Humanidades;Historia;2019;Activo;3.85;57.37;No;Sí
989;Economía;Administración de Empresas;2010;Retirado;7.17;77.96;No;No
842;Artes;Diseño;2019;Activo;6.7;55.78;Sí;No
635;Salud;Medicina;2020;Activo;7.7;89.0;No;No
517;Economía;Economía;2012;Activo;7.67;67.97;No;Sí
1748;Ingeniería;Ingeniería de Software;2022;Egresado;6.37;66.17;No;Sí
598;Humanidades;Historia;2018;Egresado;5.06;57.8;No;No
196;Salud;Nutrición;2020;Egresado;9.61;65.63;No;Sí
1784;Humanidades;Filosofía;2013;Egresado;2.98;91.0;No;No
870;Salud;Nutrición;2022;Retirado;4.56;72.02;No;Sí
411;Artes;Artes Plásticas;2017;Retirado;4.52;92.49;No;Sí
97;Ciencias Sociales;Sociología;0;Activo;5.78;52.62;No;No
1001;Economía;Contaduría;2014;Retirado;3.34;80.15;Sí;Sí
1506;Economía;Administración de Empresas;2020;Egresado;9.08;72.93;No;No
420;Salud;Enfermería;2015;Egresado;7.84;98.88;No;Sí
478;Ciencias Sociales;Sociología;2016;Egresado;8.47;75.09;No;No
1856;Artes;Artes Plásticas;2016;Retirado;8.11;92.91;No;Sí
669;Economía;Economía;2015;Egresado;4.76;72.19;No;Sí
1300;Ingeniería;Ingeniería Ambiental;2016;Activo;2.84;64.84;No;Sí
448;Artes;Diseño;2015;Egresado;8.0;89.9;Sí;Sí
554;Humanidades;Historia;2018;Egresado;4.46;97.68;Sí;No
391;Humanidades;Filosofía;2016;Retirado;5.46;52.17;No;Sí
579;Humanidades;Literatura;2019;Egresado;9.46;91.89;No;Sí
1478;Artes;Música;2017;Activo;3.25;84.14;No;No
1288;Ciencias Sociales;Psicología;2015;Egresado;2.66;55.51;No;No
1645;Salud;Medicina;2014;Retirado;9.61;59.23;No;No
821;Ingeniería;Ingeniería Civil;2018;Retirado;4.37;96.71;No;No
1339;Ciencias Sociales;Sociología;2010;Activo;5.79;65.42;No;No
665;Humanidades;Historia;2012;Egresado;4.15;82.21;No;Sí
143;Ciencias Sociales;Psicología;2011;Activo;2.4;79.32;No;No
1517;Humanidades;Historia;2013;Retirado;8.96;87.52;No;No
865;Artes;Diseño;2018;Retirado;9.64;63.3;No;No
422;Economía;Administración de Empresas;2013;Activo;3.73;98.39;Sí;No
637;Ingeniería;Ingeniería Civil;2018;Activo;6.52;52.96;No;Sí
1407;Ingeniería;Ingeniería Civil;2016;Retirado;3.48;61.49;No;No
800;Humanidades;Literatura;2022;Retirado;7.85;54.48;No;Sí
1404;Ciencias Sociales;Trabajo Social;2020;Egresado;7.99;94.28;No;No
616;Economía;Administración de Empresas;2016;Egresado;8.25;88.35;Sí;No
295;Artes;Artes Plásticas;2010;Retirado;5.34;96.75;No;No
924;Economía;Administración de Empresas;2019;Activo;9.6;97.21;Sí;Sí
1269;Ingeniería;Ingeniería Ambiental;2015;Retirado;6.42;76.89;No;No
89;Economía;Economía;2010;Egresado;4.76;95.12;No;No
42;Ciencias Sociales;Psicología;2021;Activo;6.48;57.92;No;No
1802;Ciencias Sociales;Trabajo Social;2021;Egresado;1.24;54.17;No;Sí
1934;Salud;Enfermería;2021;Egresado;6.73;71.1;No;No
132;Artes;Música;2011;Egresado;8.41;91.13;Sí;No
1002;Artes;Diseño;2012;Activo;5.55;90.6;No;Sí
1855;Ingeniería;Ingeniería Civil;2013;Retirado;7.68;57.77;Sí;Sí
1345;Salud;Enfermería;2013;Activo;4.61;54.19;No;Sí
1499;Economía;Contaduría;2019;Activo;7.18;82.2;No;Sí
165;Artes;Música;2016;Retirado;1.55;76.13;No;No
1209;Ingeniería;Ingeniería Civil;2017;Retirado;8.12;93.85;No;Sí
1589;Artes;Artes Plásticas;2019;Retirado;9.22;86.2;Sí;Sí
1897;Salud;Enfermería;2017;Egresado;3.5;68.85;Sí;Sí
1362;Ciencias Sociales;Sociología;2022;Retirado;7.95;73.98;No;Sí
779;Ciencias Sociales;Sociología;2019;Activo;5.97;76.88;Sí;Sí
840;Artes;Diseño;2010;Activo;3.5;96.13;No;No
1077;Economía;Administración de Empresas;2017;Retirado;9.51;63.31;No;Sí
1945;Ciencias Sociales;Psicología;2016;Retirado;5.36;62.53;No;No
572;Humanidades;Literatura;2013;Activo;3.47;93.4;No;Sí
918;Salud;Enfermería;2020;Activo;7.96;60.57;No;No
977;Ciencias Sociales;Sociología;2014;Activo;5.84;77.17;No;No
1914;Salud;Nutrición;2014;Activo;1.49;90.34;No;No
1469;Ciencias Sociales;Trabajo Social;2011;Retirado;4.18;85.47;Sí;Sí
1592;Economía;Contaduría;2017;Retirado;4.47;62.74;Sí;Sí
1318;Artes;Artes Plásticas;2016;Egresado;9.43;58.66;Sí;Sí
1845;Ciencias Sociales;Trabajo Social;2017;Retirado;1.81;52.61;No;Sí
137;Artes;Música;2012;Activo;4.85;95.47;No;Sí
459;Ingeniería;Ingeniería de Software;2019;Retirado;2.34;70.06;Sí;Sí
376;Economía;Economía;2018;Retirado;4.55;74.94;No;No
1343;Humanidades;Filosofía;2011;Egresado;2.6;97.12;Sí;Sí
334;Humanidades;Filosofía;2016;Egresado;3.56;79.52;Sí;Sí
1761;Humanidades;Literatura;2011;Egresado;7.52;63.7;No;Sí
1458;Economía;Economía;2013;Egresado;5.76;94.45;No;No
817;Ingeniería;Ingeniería de Software;2013;Retirado;7.47;62.54;No;No
1115;Economía;Administración de Empresas;2012;Egresado;5.36;94.37;No;Sí
1006;Salud;Enfermería;2020;Egresado;4.94;93.84;No;No
1857;Ciencias Sociales;Trabajo Social;2012;Retirado;2.09;72.09;No;No
1955;Salud;Enfermería;2022;Egresado;9.16;80.0;Sí;No
1851;Salud;Nutrición;2011;Egresado;8.54;60.85;No;No
1930;Salud;Medicina;2014;Activo;4.32;96.28;No;No
329;Salud;Enfermería;2016;Activo;8.22;68.37;Sí;No
1690;Economía;Economía;2014;Retirado;4.42;68.66;No;No
1359;Ciencias Sociales;Sociología;2015;Retirado;3.97;96.19;No;No
168;Humanidades;Filosofía;2020;No registrado;2.55;80.91;No;No
13;Ingeniería;Ingeniería Civil;2018;Retirado;9.65;59.29;No;No
172;Ciencias Sociales;Sociología;0;Retirado;1.18;88.38;Sí;No
650;Ciencias Sociales;Trabajo Social;2021;No registrado;3.02;91.83;No;No
1062;Ingeniería;Ingeniería de Software;2017;Retirado;2.38;71.76;No;No
1367;Ingeniería;Ingeniería Ambiental;2011;Retirado;9.44;53.23;No;Sí
1549;Economía;Economía;2016;Activo;1.69;58.32;No;Sí
902;Artes;Diseño;2017;Egresado;1.74;86.27;Sí;Sí
673;Humanidades;Literatura;2019;Egresado;7.33;55.07;No;No
259;Salud;Medicina;2010;Retirado;2.21;73.44;No;Sí
1362;Humanidades;Historia;2014;Activo;6.32;68.34;No;No
868;Salud;Medicina;2020;Activo;3.46;70.82;No;No
1800;Ciencias Sociales;Sociología;2010;Activo;7.59;93.05;No;No
139;Ingeniería;Ingeniería de Software;2011;Egresado;7.96;56.66;No;Sí
1838;Economía;Economía;2014;Egresado;2.11;65.29;No;No
550;Economía;Contaduría;2022;Retirado;9.88;62.25;No;No
320;Salud;Nutrición;2010;Activo;9.6;73.63;No;No
1527;Ciencias Sociales;Trabajo Social;2011;Activo;6.42;73.26;No;Sí
1806;Salud;Medicina;2021;No registrado;4.25;57.88;No;Sí
1178;Economía;Contaduría;2019;Retirado;4.95;69.68;No;No
559;Salud;Nutrición;2010;Egresado;2.88;70.91;Sí;Sí
140;Artes;Música;2011;Activo;6.31;98.16;No;Sí
1735;Salud;Nutrición;2020;Activo;8.1;95.6;No;Sí
532;Ciencias Sociales;Sociología;2010;Egresado;8.78;84.12;No;No
724;Artes;Diseño;2010;Retirado;2.0;85.98;No;No
787;Artes;Artes Plásticas;2021;Egresado;3.79;54.11;No;No
1718;Ciencias Sociales;Trabajo Social;2020;Egresado;8.75;56.52;Sí;Sí
1008;Humanidades;Filosofía;2022;Egresado;2.85;93.69;No;Sí
410;Artes;Diseño;2019;Egresado;5.52;63.77;Sí;Sí
326;Ingeniería;Ingeniería Civil;2019;Activo;4.16;92.29;No;No
1766;Economía;Economía;2014;Activo;4.88;77.7;No;No
300;Economía;Economía;0;Activo;1.37;92.37;No;No
1263;Ingeniería;Ingeniería de Software;0;Retirado;1.59;55.7;Sí;No
26;Ciencias Sociales;Sociología;2015;Egresado;8.5;88.49;No;Sí
1859;Artes;Música;2022;No registrado;8.93;76.8;No;No
715;Salud;Nutrición;2012;Retirado;1.1;89.4;Sí;No
1010;Economía;Contaduría;2015;Egresado;6.27;89.47;Sí;No
441;Economía;Contaduría;0;Egresado;1.47;82.5;No;No
574;Salud;Medicina;2017;Egresado;9.73;90.36;No;No
947;Economía;Administración de Empresas;2020;No registrado;9.86;72.54;No;No
998;Salud;Medicina;2013;Retirado;1.82;96.46;No;Sí
504;Artes;Música;2019;Activo;4.47;76.36;Sí;Sí
606;Humanidades;Filosofía;2017;Egresado;6.11;88.07;Sí;Sí
1164;Ingeniería;Ingeniería de Software;2018;Retirado;9.18;57.95;Sí;No
847;Ingeniería;Ingeniería Civil;2010;Egresado;5.31;63.9;Sí;No
4;Salud;Nutrición;2017;Retirado;2.98;88.42;Sí;No
1287;Ciencias Sociales;Trabajo Social;2018;No registrado;8.65;64.59;Sí;Sí
1223;Salud;Nutrición;2016;Activo;4.78;72.62;Sí;No
468;Ciencias Sociales;Trabajo Social;0;Egresado;2.63;93.12;Sí;No
322;Economía;Contaduría;2015;Egresado;9.43;88.32;Sí;Sí
6;Economía;Administración de Empresas;2017;Retirado;1.1;84.09;No;Sí
223;Humanidades;Historia;2021;Activo;2.61;60.93;No;Sí
548;Artes;Diseño;2022;Activo;9.63;78.27;No;No
229;Artes;Diseño;2022;Egresado;5.39;94.48;No;Sí
40;Salud;Medicina;2012;Retirado;3.5;71.79;No;No
543;Salud;Enfermería;2016;Activo;1.14;97.55;Sí;Sí
243;Salud;Nutrición;2020;Retirado;3.3;80.3;Sí;No
899;Salud;Enfermería;2011;Egresado;6.77;52.95;Sí;Sí
1134;Economía;Contaduría;2010;Egresado;1.44;52.59;Sí;Sí
1449;Ingeniería;Ingeniería Ambiental;2011;Activo;6.16;91.61;No;Sí
1869;Economía;Administración de Empresas;2016;Retirado;2.49;78.86;No;No
1419;Humanidades;Filosofía;2020;Activo;5.4;85.28;No;No
1654;Ciencias Sociales;Sociología;2016;Retirado;3.18;84.0;No;No
905;Salud;Medicina;2021;Egresado;5.04;64.48;Sí;Sí
662;Ciencias Sociales;Trabajo Social;2014;Activo;4.72;95.05;No;No
315;Artes;Música;2012;Retirado;5.8;51.25;No;No
595;Economía;Economía;2019;Egresado;5.85;84.71;No;No
1964;Economía;Administración de Empresas;2013;Activo;3.0;72.76;No;No
623;Salud;Nutrición;2018;Retirado;8.39;94.66;No;No
1023;Artes;Diseño;2013;Egresado;2.34;77.92;No;No
228;Ingeniería;Ingeniería Ambiental;0;Egresado;6.67;66.73;No;No
1118;Artes;Artes Plásticas;2019;Activo;1.26;64.48;Sí;No
1332;Salud;Enfermería;2014;Egresado;7.16;97.05;No;No
1316;Ingeniería;Ingeniería Civil;2018;Activo;4.75;80.63;No;Sí
67;Artes;Música;2011;Retirado;3.47;75.37;No;No
25;Economía;Economía;2017;Activo;3.5;74.23;Sí;No
145;Ingeniería;Ingeniería Ambiental;2014;Egresado;6.19;72.76;No;No
537;Ingeniería;Ingeniería Ambiental;2021;Retirado;2.24;94.86;No;Sí
812;Economía;Contaduría;2020;Activo;8.51;93.91;No;No
1467;Ciencias Sociales;Sociología;2018;No registrado;6.65;77.93;No;Sí
86;Ciencias Sociales;Sociología;2021;Retirado;8.61;81.75;No;Sí
1661;Economía;Contaduría;2012;Activo;3.07;88.68;Sí;Sí
1646;Salud;Medicina;2021;Retirado;3.73;72.67;Sí;No
1805;Ciencias Sociales;Sociología;2016;Egresado;4.06;66.1;No;Sí
1818;Ingeniería;Ingeniería Civil;2022;Egresado;6.86;61.01;Sí;No
1577;Humanidades;Literatura;2013;Egresado;6.15;61.39;No;No
1145;Ingeniería;Ingeniería Civil;2012;Activo;9.92;80.84;Sí;No
363;Ciencias Sociales;Trabajo Social;2017;Egresado;2.81;91.69;Sí;Sí
1612;Economía;Contaduría;2011;Activo;8.13;64.72;No;No
1866;Ciencias Sociales;Trabajo Social;2015;Egresado;7.38;86.42;Sí;No
1027;Artes;Música;2022;Egresado;2.5;98.22;No;Sí
1031;Humanidades;Filosofía;0;Retirado;2.14;99.96;No;No
1304;Economía;Contaduría;2017;Egresado;7.56;76.03;Sí;No
1356;Economía;Economía;2019;Activo;7.57;90.39;Sí;No
1731;Salud;Medicina;2010;Egresado;7.63;60.2;No;Sí
666;Ciencias Sociales;Trabajo Social;2018;Retirado;1.51;70.5;No;No
365;Economía;Economía;2021;Egresado;5.57;84.25;No;No
28;Ingeniería;Ingeniería de Software;2017;No registrado;2.9;88.06;No;No
526;Salud;Nutrición;2020;Egresado;1.19;87.23;Sí;No
56;Ciencias Sociales;Sociología;2022;Retirado;2.19;89.42;No;Sí
639;Ciencias Sociales;Trabajo Social;2011;Retirado;1.63;95.53;No;Sí
719;Humanidades;Filosofía;2016;Retirado;6.04;79.97;No;Sí
625;Artes;Artes Plásticas;2017;Activo;4.42;54.64;Sí;No
8;Ciencias Sociales;Trabajo Social;2011;Activo;5.79;82.99;No;Sí
804;Humanidades;Historia;2016;Egresado;1.66;50.75;No;No
1050;Humanidades;Historia;2012;Activo;4.61;87.2;No;Sí
337;Humanidades;Filosofía;2019;Activo;9.62;78.91;No;Sí
48;Economía;Contaduría;2017;Egresado;1.08;95.06;No;Sí
1764;Ciencias Sociales;Trabajo Social;2011;Retirado;4.96;96.03;No;No
107;Salud;Medicina;2020;Activo;1.4;76.99;No;No
350;Ingeniería;Ingeniería Ambiental;2013;Activo;7.16;50.52;Sí;Sí
1080;Salud;Medicina;2015;Activo;2.63;85.15;Sí;Sí
239;Economía;Economía;2010;Retirado;6.37;54.47;Sí;Sí
214;Economía;Contaduría;2013;No registrado;2.82;75.22;No;Sí
1776;Humanidades;Historia;2022;Activo;1.11;83.46;Sí;No
1139;Economía;Economía;2020;Egresado;4.65;67.67;No;Sí
1583;Ingeniería;Ingeniería de Software;2018;No registrado;4.98;96.12;No;Sí
1672;Ciencias Sociales;Trabajo Social;2010;Egresado;3.54;65.98;Sí;No
524;Salud;Enfermería;2010;Retirado;7.65;60.25;Sí;No
233;Economía;Contaduría;2018;Egresado;3.04;65.39;No;Sí
645;Artes;Artes Plásticas;2014;Retirado;4.65;81.97;No;Sí
1508;Ingeniería;Ingeniería de Software;2022;Egresado;7.61;72.21;Sí;Sí
534;Humanidades;Historia;0;Retirado;4.59;84.88;Sí;No
1942;Ciencias Sociales;Sociología;2020;Activo;1.88;75.23;No;No
604;Ingeniería;Ingeniería Ambiental;2021;Retirado;6.82;51.19;No;No
1330;Ciencias Sociales;Psicología;2014;Retirado;5.58;87.36;No;Sí
1075;Salud;Enfermería;2010;Egresado;7.78;51.09;Sí;Sí
1305;Ingeniería;Ingeniería Ambiental;2016;Egresado;7.64;76.73;Sí;No
61;Salud;Nutrición;2020;Retirado;8.47;59.02;No;Sí
1264;Humanidades;Literatura;2019;Retirado;6.59;96.17;No;No
667;Economía;Contaduría;2013;Activo;1.67;95.54;No;No
281;Ciencias Sociales;Trabajo Social;2014;Retirado;9.49;99.13;No;Sí
1114;Salud;Nutrición;2015;No registrado;5.49;63.82;No;No
360;Economía;Economía;2016;Egresado;3.68;72.75;No;No
1129;Ciencias Sociales;Sociología;2015;Activo;9.39;73.42;Sí;Sí
1170;Economía;Economía;2018;Egresado;4.99;51.14;Sí;Sí
848;Salud;Nutrición;2011;No registrado;2.43;81.59;Sí;No
111;Ingeniería;Ingeniería de Software;2017;Retirado;2.84;77.6;No;Sí
43;Salud;Nutrición;2017;Activo;2.3;79.97;No;No
126;Salud;Nutrición;2017;Egresado;6.3;67.25;Sí;Sí
205;Ingeniería;Ingeniería Civil;2019;Retirado;5.95;53.37;Sí;No
53;Artes;Música;2014;Activo;9.52;74.63;Sí;No
546;Artes;Artes Plásticas;2015;Retirado;5.6;66.29;No;No
69;Salud;Nutrición;2015;Egresado;4.05;89.46;No;Sí
1548;Salud;Enfermería;2010;Egresado;1.04;87.46;Sí;No
184;Ingeniería;Ingeniería Ambiental;2020;Retirado;8.66;50.48;Sí;No
138;Artes;Diseño;2022;Retirado;1.86;53.9;No;No
900;Artes;Diseño;2013;Egresado;6.13;51.64;Sí;No
797;Ingeniería;Ingeniería Ambiental;2012;Activo;8.63;78.07;No;No
133;Humanidades;Historia;2011;Activo;7.64;93.05;No;No
81;Economía;Administración de Empresas;2022;Activo;4.66;87.49;Sí;Sí
1987;Salud;Medicina;2022;Activo;9.38;65.62;Sí;No
1541;Economía;Administración de Empresas;2021;No registrado;2.38;82.65;Sí;Sí
542;Salud;Medicina;2015;Retirado;4.85;86.77;Sí;Sí
1669;Economía;Economía;2012;Activo;2.14;89.99;Sí;No
166;Salud;Nutrición;2019;Egresado;9.86;90.42;Sí;No
249;Economía;Administración de Empresas;2011;Activo;8.65;81.69;No;Sí
447;Ciencias Sociales;Sociología;2014;Retirado;7.43;82.39;No;Sí
1515;Artes;Diseño;2016;Retirado;2.0;92.07;No;No
859;Salud;Nutrición;2018;Retirado;2.32;98.8;No;No
738;Ciencias Sociales;Sociología;0;Retirado;2.3;59.82;No;Sí
1256;Economía;Administración de Empresas;2016;Retirado;7.13;61.73;Sí;Sí
103;Ingeniería;Ingeniería de Software;2018;Activo;2.35;76.02;Sí;Sí
435;Artes;Diseño;2022;Activo;7.9;82.2;No;No
75;Artes;Diseño;2012;Egresado;5.25;87.94;No;No
1235;Artes;Artes Plásticas;2015;Activo;5.84;57.43;Sí;No
919;Salud;Nutrición;2010;Egresado;5.31;84.97;No;Sí
1712;Ciencias Sociales;Sociología;2016;Egresado;8.08;98.03;Sí;No
1671;Artes;Música;2010;Activo;9.61;98.57;Sí;No
763;Artes;Diseño;2011;Activo;7.56;86.89;No;No
990;Ciencias Sociales;Sociología;2018;No registrado;7.6;76.66;No;Sí
389;Economía;Administración de Empresas;2017;Retirado;1.06;81.92;Sí;Sí
236;Ingeniería;Ingeniería Ambiental;2021;Activo;2.36;67.1;No;No
1507;Salud;Medicina;2016;Activo;3.88;54.42;No;Sí
1607;Humanidades;Filosofía;2016;Retirado;5.7;59.77;No;No
674;Artes;Artes Plásticas;2020;Egresado;1.35;73.64;No;No
250;Economía;Contaduría;2011;Egresado;2.33;73.79;No;No
1453;Ingeniería;Ingeniería Ambiental;2013;Activo;9.05;80.45;No;Sí
95;Artes;Diseño;2021;Egresado;3.22;61.24;No;Sí
34;Artes;Diseño;2021;Egresado;2.09;55.98;No;No
1668;Ingeniería;Ingeniería de Software;2021;Retirado;2.99;50.54;No;No
449;Economía;Economía;2021;Egresado;6.47;58.54;No;Sí
1810;Economía;Administración de Empresas;2010;Activo;6.0;99.26;No;Sí
1518;Ciencias Sociales;Trabajo Social;2018;Egresado;2.67;76.98;No;No
1;Ingeniería;Ingeniería de Software;2013;Activo;9.03;71.1;Sí;Sí
1376;Economía;Contaduría;2021;Retirado;3.13;89.57;No;No
1109;Ingeniería;Ingeniería de Software;0;Retirado;9.69;59.19;No;No
1227;Ciencias Sociales;Trabajo Social;2010;Activo;4.53;84.51;No;No
83;Ciencias Sociales;Trabajo Social;2017;Activo;5.07;72.26;Sí;No
1289;Salud;Nutrición;2022;Activo;8.7;79.26;No;No
1921;Ciencias Sociales;Sociología;2014;Activo;7.15;57.43;No;No
1047;Ciencias Sociales;Psicología;2021;Retirado;5.93;57.54;No;No
1947;Artes;Música;2017;Egresado;8.14;87.5;No;No
1281;Ingeniería;Ingeniería Ambiental;2013;Activo;6.37;84.33;No;No
1489;Ingeniería;Ingeniería Ambiental;2014;Egresado;3.39;68.02;Sí;No
1728;Ciencias Sociales;Trabajo Social;2022;Retirado;7.67;78.67;Sí;No
1299;Economía;Contaduría;2010;Egresado;1.89;92.6;No;Sí
1341;Economía;Administración de Empresas;2017;Activo;9.72;53.82;No;Sí
105;Artes;Diseño;2015;Egresado;9.25;54.01;No;No
689;Humanidades;Literatura;2016;Retirado;5.76;95.02;No;No
1306;Ciencias Sociales;Sociología;2013;Activo;9.83;67.62;No;No
63;Salud;Medicina;2011;Retirado;5.74;61.03;No;Sí
1354;Ingeniería;Ingeniería de Software;0;Egresado;6.3;72.36;No;No
224;Ciencias Sociales;Trabajo Social;2022;Activo;6.97;88.21;No;Sí
1089;Salud;Medicina;2022;No registrado;2.44;54.68;No;Sí
374;Ingeniería;Ingeniería Ambiental;2018;Activo;9.47;78.62;Sí;Sí
1421;Salud;Enfermería;2013;Activo;8.18;94.6;Sí;No
1827;Ingeniería;Ingeniería Civil;2011;Activo;6.97;91.92;Sí;Sí
1495;Ciencias Sociales;Sociología;2010;Retirado;2.31;73.17;No;Sí
1602;Economía;Economía;2021;Egresado;2.61;57.57;No;Sí
1271;Economía;Contaduría;2019;Activo;9.54;69.82;No;No
10;Ciencias Sociales;Trabajo Social;2019;Activo;8.27;54.85;No;No
450;Ingeniería;Ingeniería de Software;2012;Activo;7.62;86.27;No;No
256;Ingeniería;Ingeniería de Software;2013;Egresado;1.79;98.03;No;No
883;Artes;Artes Plásticas;2021;Egresado;3.58;92.13;No;Sí
390;Artes;Artes Plásticas;2019;No registrado;3.47;51.16;No;No
909;Ciencias Sociales;Sociología;2018;Egresado;6.31;51.4;Sí;No
925;Ingeniería;Ingeniería Ambiental;2018;Egresado;4.32;92.07;No;No
1704;Ciencias Sociales;Trabajo Social;2020;Retirado;7.35;85.42;No;Sí
1233;Artes;Música;2010;Activo;6.62;62.3;No;Sí
461;Economía;Economía;2017;Egresado;7.02;88.52;Sí;Sí
1270;Economía;Administración de Empresas;2017;Activo;2.69;97.98;No;Sí
1760;Humanidades;Filosofía;2018;Retirado;8.43;61.92;No;No
1169;Economía;Administración de Empresas;2019;Retirado;7.17;87.45;No;Sí
959;Humanidades;Filosofía;2018;Egresado;6.24;91.98;No;No
502;Salud;Enfermería;2013;Egresado;5.02;63.58;No;Sí
740;Economía;Administración de Empresas;2018;Retirado;6.98;83.39;No;No
1850;Artes;Diseño;2018;Egresado;4.49;57.5;Sí;No
540;Ingeniería;Ingeniería Civil;2018;No registrado;2.1;89.4;Sí;Sí
1836;Ciencias Sociales;Psicología;2019;Activo;9.81;59.82;No;No
1393;Artes;Música;2010;Activo;9.48;85.72;No;No
1377;Salud;Nutrición;2017;Activo;5.84;54.27;Sí;No
1146;Ingeniería;Ingeniería de Software;2015;Egresado;7.21;69.45;No;No
373;Artes;Diseño;2012;Retirado;1.84;76.07;No;Sí
1526;Economía;Contaduría;2014;Retirado;5.75;99.32;No;No
736;Artes;Música;0;Retirado;1.36;92.36;Sí;Sí
1036;Artes;Música;2011;Retirado;10.0;52.03;Sí;No
1525;Humanidades;Filosofía;2016;Retirado;7.16;89.79;No;No
1487;Salud;Enfermería;2018;Activo;3.02;98.1;No;No
1524;Humanidades;Literatura;2013;Activo;2.99;91.25;Sí;Sí
1491;Ingeniería;Ingeniería Ambiental;2015;Egresado;1.46;60.61;No;Sí
1643;Salud;Medicina;2022;Egresado;2.14;65.05;No;No
1253;Ingeniería;Ingeniería de Software;2017;Retirado;6.75;61.19;No;No
1237;Ciencias Sociales;Trabajo Social;2014;Egresado;8.89;68.44;No;No
886;Salud;Nutrición;2021;Egresado;2.83;61.32;No;No
1173;Ingeniería;Ingeniería Civil;2010;Egresado;6.53;89.15;No;No
815;Artes;Artes Plásticas;2020;Retirado;9.93;82.98;Sí;Sí
672;Humanidades;Literatura;2019;Retirado;7.09;54.29;Sí;No
1532;Ciencias Sociales;Trabajo Social;2015;Activo;9.05;82.26;No;No
58;Artes;Diseño;2015;Retirado;5.08;54.96;No;No
134;Artes;Música;2014;Retirado;7.11;98.14;No;No
1141;Artes;Música;2017;Egresado;2.11;54.0;No;No
934;Economía;Economía;2017;Retirado;1.27;86.54;No;No
1685;Humanidades;Historia;2015;Retirado;7.77;57.23;Sí;Sí
824;Economía;Contaduría;2019;Egresado;3.59;50.38;No;No
1215;Ingeniería;Ingeniería Ambiental;2010;Retirado;2.0;99.34;No;No
505;Humanidades;Historia;2022;Activo;4.79;58.56;No;Sí
348;Salud;Medicina;2010;Retirado;3.06;73.12;Sí;No
387;Artes;Artes Plásticas;2010;Retirado;6.0;74.45;No;Sí
1025;Ciencias Sociales;Sociología;2016;Activo;2.77;79.17;Sí;No
895;Economía;Administración de Empresas;2011;Activo;4.47;53.73;No;No
829;Salud;Medicina;2019;Activo;4.85;56.81;No;No
476;Economía;Economía;2013;Activo;7.26;86.65;No;No
1582;Economía;Contaduría;2014;Activo;9.72;88.41;No;No
653;Ciencias Sociales;Sociología;2017;Egresado;9.52;97.45;No;No
173;Economía;Administración de Empresas;2017;Egresado;5.69;79.22;Sí;No
1150;Artes;Música;2022;Egresado;8.16;86.45;Sí;No
714;Humanidades;Literatura;2016;Activo;8.88;58.1;No;No
1937;Humanidades;Filosofía;2013;Activo;6.24;88.29;No;No
1206;Humanidades;Historia;2018;Egresado;1.56;71.71;No;Sí
876;Artes;Música;2012;Retirado;1.25;64.05;No;Sí
1352;Salud;Enfermería;2019;Activo;9.75;66.52;No;No
1094;Humanidades;Filosofía;2022;Egresado;5.04;50.54;No;Sí
1156;Artes;Diseño;2010;Egresado;4.55;91.97;Sí;No
1782;Artes;Artes Plásticas;2012;Egresado;5.5;73.09;Sí;No
1959;Humanidades;Filosofía;2019;Retirado;7.57;68.85;No;No
500;Humanidades;Filosofía;2019;Activo;7.68;59.64;Sí;Sí
339;Economía;Contaduría;2010;Egresado;3.16;88.28;No;No
1189;Ciencias Sociales;Psicología;2016;Retirado;7.29;75.1;Sí;No
29;Artes;Artes Plásticas;2013;Activo;3.15;55.72;No;No
1218;Ingeniería;Ingeniería de Software;2013;Activo;9.51;65.93;No;No
946;Economía;Contaduría;2011;Egresado;1.41;78.43;No;No
170;Humanidades;Historia;2012;Retirado;2.22;93.97;Sí;Sí
1405;Artes;Diseño;2014;Activo;7.84;75.33;No;No
1198;Economía;Administración de Empresas;2020;Activo;7.29;70.39;No;No
1254;Ciencias Sociales;Psicología;2021;Retirado;2.79;53.07;No;Sí
913;Economía;Administración de Empresas;2012;Activo;6.7;53.64;Sí;Sí
492;Artes;Música;2017;Egresado;5.88;88.25;Sí;Sí
954;Economía;Administración de Empresas;2011;Retirado;5.72;92.02;No;No
1098;Artes;Diseño;2010;Egresado;2.5;50.55;No;Sí
733;Salud;Enfermería;2016;Retirado;5.73;97.16;No;No
1989;Ingeniería;Ingeniería de Software;2014;Retirado;2.27;50.33;No;No
1633;Ciencias Sociales;Psicología;2022;No registrado;4.02;52.68;No;No
1157;Economía;Administración de Empresas;0;Egresado;7.76;74.68;Sí;No
1425;Humanidades;Historia;2017;Retirado;7.81;97.47;No;No
1628;Economía;Contaduría;2022;Egresado;8.28;86.77;No;No
935;Humanidades;Historia;2020;Activo;9.15;62.99;No;No
1210;Salud;Nutrición;2011;Activo;5.8;64.95;Sí;No
1066;Economía;Contaduría;2020;No registrado;9.43;79.57;Sí;Sí
109;Ciencias Sociales;Psicología;2022;Activo;3.71;90.29;No;No
569;Artes;Artes Plásticas;2016;Egresado;1.12;56.07;Sí;No
1168;Ingeniería;Ingeniería Civil;2022;Egresado;3.45;77.11;No;Sí
1175;Humanidades;Literatura;2011;Egresado;8.99;82.57;No;No
891;Ingeniería;Ingeniería de Software;2015;Activo;7.34;97.13;No;Sí
948;Artes;Música;2021;Activo;9.47;87.59;No;No
1049;Salud;Medicina;2018;Retirado;5.83;70.26;No;Sí
1353;Salud;Nutrición;2017;Egresado;7.28;80.67;No;No
1778;Salud;Nutrición;2019;Egresado;8.49;67.29;No;Sí
1447;Artes;Música;2022;Egresado;1.34;51.07;Sí;Sí
885;Economía;Contaduría;2022;Retirado;3.75;74.06;No;No
1673;Ciencias Sociales;Psicología;2020;Retirado;4.01;66.55;Sí;Sí
851;Ciencias Sociales;Trabajo Social;2020;No registrado;5.17;52.12;No;Sí
735;Humanidades;Filosofía;2010;Egresado;4.59;68.58;Sí;Sí
718;Ciencias Sociales;Trabajo Social;2017;Egresado;4.76;85.22;No;No
1020;Economía;Contaduría;2019;Activo;6.94;72.09;No;Sí
76;Ciencias Sociales;Psicología;2013;Retirado;2.0;79.84;Sí;No
1658;Economía;Contaduría;2016;Retirado;3.95;84.65;No;No
396;Artes;Música;2018;Activo;6.43;98.51;No;No
177;Salud;Nutrición;2013;Retirado;3.69;92.71;Sí;Sí
1402;Humanidades;Historia;2019;Retirado;3.3;98.15;No;No
1381;Ingeniería;Ingeniería Civil;2022;Retirado;2.32;80.93;No;No
596;Ciencias Sociales;Trabajo Social;2010;Activo;6.91;73.12;No;No
62;Artes;Diseño;2016;Activo;7.49;78.38;Sí;Sí
1297;Humanidades;Historia;2017;Egresado;1.99;87.67;No;No
873;Ingeniería;Ingeniería Ambiental;0;Egresado;7.67;71.75;No;Sí
1879;Salud;Enfermería;2014;Retirado;9.57;81.63;Sí;No
279;Ciencias Sociales;Trabajo Social;2022;Retirado;5.9;83.13;Sí;No
1976;Economía;Contaduría;2010;Activo;8.43;82.55;No;No
663;Ingeniería;Ingeniería Civil;2017;Retirado;9.49;84.05;No;Sí
1445;Artes;Música;2013;Egresado;6.56;96.06;No;Sí
978;Humanidades;Historia;2020;Egresado;9.35;74.89;No;No
1572;Ciencias Sociales;Sociología;2018;Retirado;7.77;55.68;No;No
739;Economía;Contaduría;2013;Activo;1.34;89.35;Sí;No
192;Salud;Enfermería;2022;Activo;2.56;55.18;No;No
920;Humanidades;Historia;2018;Retirado;2.46;77.56;No;No
457;Economía;Administración de Empresas;2022;No registrado;7.88;75.09;No;No
676;Economía;Economía;2019;Activo;3.27;99.1;No;Sí
761;Ciencias Sociales;Trabajo Social;2013;Egresado;5.95;92.96;No;No
1808;Ciencias Sociales;Trabajo Social;2012;Egresado;5.03;51.26;No;No
729;Salud;Nutrición;2018;Activo;4.28;54.5;No;Sí
413;Economía;Economía;2021;Egresado;7.71;69.83;Sí;Sí
1099;Ingeniería;Ingeniería de Software;2013;Egresado;4.82;60.56;No;No
1640;Humanidades;Filosofía;2010;Retirado;3.84;60.78;Sí;Sí
617;Ciencias Sociales;Sociología;2017;Activo;2.44;97.07;No;No
115;Artes;Diseño;2012;Activo;3.17;62.62;No;No
418;Salud;Medicina;2011;Retirado;7.1;84.69;No;No
1911;Artes;Diseño;2020;Egresado;7.31;98.15;Sí;Sí
970;Economía;Administración de Empresas;2022;Activo;4.17;80.97;Sí;Sí
605;Economía;Economía;2014;Retirado;2.01;70.64;No;No
1919;Artes;Diseño;2020;Egresado;6.37;62.33;No;Sí
849;Artes;Música;2022;Activo;6.31;67.4;No;No
1520;Economía;Contaduría;0;Egresado;5.51;84.63;No;Sí
754;Ciencias Sociales;Psicología;2012;Retirado;6.92;70.78;No;Sí
499;Humanidades;Historia;2017;No registrado;9.63;84.37;No;Sí
1277;Economía;Contaduría;2016;No registrado;4.52;65.66;Sí;No
2000;Humanidades;Filosofía;2010;Egresado;7.37;61.47;No;Sí
12;Ciencias Sociales;Psicología;2012;Egresado;8.06;71.15;No;No
285;Artes;Artes Plásticas;2021;Egresado;1.7;54.42;No;No
1067;Ciencias Sociales;Psicología;2016;Egresado;5.04;88.83;No;No
1192;Ingeniería;Ingeniería de Software;2012;Retirado;3.6;70.19;No;Sí
1745;Humanidades;Literatura;0;Egresado;9.34;93.73;Sí;No
691;Salud;Nutrición;2022;Retirado;1.1;57.2;Sí;No
1753;Ingeniería;Ingeniería Ambiental;2020;Retirado;5.6;96.8;No;No
1876;Salud;Medicina;2018;Retirado;1.61;62.96;No;Sí
690;Ciencias Sociales;Trabajo Social;2015;Egresado;8.05;74.23;No;No
160;Economía;Economía;2011;Egresado;8.97;85.45;No;No
896;Salud;Enfermería;2019;Activo;8.93;63.22;No;Sí
1576;Humanidades;Historia;2011;Retirado;5.79;77.98;No;No
258;Ciencias Sociales;Trabajo Social;2015;No registrado;3.73;91.08;No;No
336;Humanidades;Filosofía;2015;Egresado;7.08;75.14;No;Sí
1880;Ciencias Sociales;Sociología;0;Retirado;1.81;98.15;No;No
1040;Humanidades;Historia;2022;Retirado;4.7;96.53;No;No
516;Economía;Administración de Empresas;2018;Egresado;5.13;65.06;No;No
769;Ciencias Sociales;Sociología;2015;Retirado;8.76;65.51;No;Sí
1747;Ciencias Sociales;Trabajo Social;2020;No registrado;8.47;76.27;No;No
762;Economía;Economía;2014;Activo;9.54;55.34;No;No
1204;Economía;Contaduría;2021;Egresado;4.69;51.28;No;No
1984;Salud;Enfermería;2022;Retirado;5.39;77.77;No;No
522;Economía;Economía;2017;Retirado;7.41;71.38;No;No
23;Humanidades;Historia;2012;Activo;6.5;72.77;No;No
357;Economía;Administración de Empresas;2022;Activo;5.42;90.32;No;No
1278;Artes;Música;2019;Retirado;3.27;98.77;No;No
1313;Ciencias Sociales;Sociología;2022;Egresado;1.58;60.79;No;Sí
1683;Ingeniería;Ingeniería Civil;0;Retirado;9.4;89.85;No;No
341;Artes;Música;2010;Activo;3.68;97.75;No;No
432;Ingeniería;Ingeniería de Software;2015;Egresado;9.73;83.9;Sí;No
474;Humanidades;Filosofía;2017;Egresado;6.73;97.2;No;Sí
218;Artes;Artes Plásticas;2017;Activo;5.58;90.04;No;No
912;Artes;Música;2010;Activo;5.51;56.27;No;No
1228;Ciencias Sociales;Sociología;2013;Egresado;2.89;91.71;No;No
1597;Ciencias Sociales;Psicología;0;Retirado;1.27;79.53;No;No
1012;Ingeniería;Ingeniería de Software;2018;Retirado;1.38;93.97;Sí;No
643;Economía;Economía;2013;Retirado;8.86;53.11;Sí;Sí
1009;Ingeniería;Ingeniería Civil;2019;Egresado;1.72;66.83;Sí;No
1071;Ingeniería;Ingeniería Civil;2022;Activo;1.72;72.28;No;No
1093;Humanidades;Filosofía;2018;Activo;5.45;59.44;Sí;Sí
1915;Humanidades;Historia;2012;Activo;1.27;99.53;Sí;No
1309;Humanidades;Literatura;2018;Retirado;9.71;84.0;No;No
697;Ciencias Sociales;Psicología;2016;Egresado;5.01;83.59;No;Sí
1828;Ciencias Sociales;Psicología;2013;Egresado;5.24;86.49;No;Sí
997;Humanidades;Literatura;2015;Retirado;2.54;90.89;No;Sí
1719;Economía;Administración de Empresas;2021;Egresado;2.96;82.81;No;No
790;Ciencias Sociales;Sociología;2015;Retirado;3.84;69.74;Sí;Sí
581;Ciencias Sociales;Trabajo Social;2011;Activo;7.13;93.23;No;No
704;Salud;Enfermería;2015;Activo;7.76;77.11;No;No
1296;Economía;Administración de Empresas;2010;Egresado;3.31;89.03;No;No
1666;Salud;Nutrición;2022;No registrado;1.86;96.0;No;No
1261;Economía;Contaduría;2010;Activo;7.61;51.04;No;Sí
488;Ciencias Sociales;Sociología;2010;Retirado;3.27;57.09;Sí;Sí
560;Economía;Administración de Empresas;2016;Retirado;1.87;94.04;No;Sí
1142;Ingeniería;Ingeniería de Software;2015;Egresado;7.03;77.35;Sí;No
1120;Artes;Diseño;2010;Retirado;1.5;66.84;Sí;No
802;Artes;Artes Plásticas;2016;Activo;2.57;78.08;No;Sí
513;Artes;Artes Plásticas;2011;Activo;6.18;76.61;Sí;No
634;Humanidades;Historia;2016;Retirado;3.04;55.56;No;Sí
1922;Artes;Diseño;2010;Retirado;2.51;53.62;No;Sí
1788;Ciencias Sociales;Sociología;2012;Retirado;4.26;65.57;No;Sí
1546;Salud;Enfermería;2013;Retirado;8.0;74.78;No;Sí
1151;Economía;Contaduría;0;Retirado;3.32;75.3;Sí;No
791;Ciencias Sociales;Sociología;2020;Egresado;4.64;61.29;No;No
741;Humanidades;Filosofía;2016;Retirado;8.77;57.4;Sí;No
1691;Ingeniería;Ingeniería de Software;0;Retirado;3.05;82.16;Sí;No
1082;Artes;Artes Plásticas;2015;Activo;7.48;79.09;Sí;Sí
831;Economía;Contaduría;2013;Retirado;7.47;70.66;No;Sí
120;Economía;Administración de Empresas;2011;No registrado;6.01;55.16;Sí;No
657;Economía;Administración de Empresas;2020;Egresado;2.27;74.54;No;Sí
1908;Ingeniería;Ingeniería Civil;2014;Activo;9.93;79.22;No;Sí
636;Artes;Diseño;2013;Retirado;9.48;92.91;Sí;No
370;Ciencias Sociales;Sociología;2018;Activo;4.86;94.9;No;No
656;Economía;Economía;2018;Activo;3.8;67.45;Sí;No
936;Salud;Nutrición;2021;Activo;5.17;71.5;No;No
867;Ciencias Sociales;Sociología;2016;Egresado;3.24;66.06;No;No
47;Ingeniería;Ingeniería de Software;2011;Retirado;1.26;52.81;No;No
1709;Humanidades;Literatura;0;Egresado;4.12;70.81;No;Sí
1797;Salud;Nutrición;2020;Egresado;7.0;61.85;No;No
1853;Salud;Medicina;2019;Egresado;5.45;59.79;Sí;No
2000;Artes;Música;2018;Retirado;5.71;76.48;Sí;Sí
5;Artes;Música;2012;Retirado;7.72;79.18;No;No
1004;Economía;Administración de Empresas;2012;Egresado;1.59;60.5;No;No
1570;Ciencias Sociales;Psicología;2012;Retirado;1.32;85.87;No;No
1831;Ciencias Sociales;Trabajo Social;2014;Activo;3.36;78.52;Sí;Sí
444;Salud;Nutrición;2022;Activo;9.08;79.96;Sí;No
1003;Ingeniería;Ingeniería Ambiental;2016;Retirado;3.95;90.61;No;Sí
1791;Salud;Enfermería;2012;Retirado;6.14;68.85;No;No
305;Ingeniería;Ingeniería de Software;2014;Egresado;2.54;94.32;No;No
1366;Ciencias Sociales;Trabajo Social;2010;Egresado;3.88;95.71;No;No
1558;Artes;Artes Plásticas;2015;Retirado;2.92;76.74;No;Sí
314;Humanidades;Filosofía;2019;Retirado;2.64;85.41;No;No
150;Economía;Contaduría;2015;Egresado;9.49;88.51;Sí;Sí
1149;Ciencias Sociales;Psicología;2020;Egresado;7.83;71.4;No;Sí
1214;Humanidades;Filosofía;2020;Activo;8.0;57.28;No;No
51;Salud;Enfermería;2014;Egresado;9.5;64.76;No;No
727;Salud;Nutrición;2017;Egresado;1.7;84.16;Sí;No
834;Ingeniería;Ingeniería Ambiental;2011;Retirado;4.44;62.05;Sí;Sí
1378;Economía;Contaduría;2019;Egresado;9.31;85.61;No;No
854;Economía;Economía;2019;Activo;4.1;79.5;No;No
1167;Humanidades;Literatura;2019;No registrado;9.35;73.01;Sí;No
972;Ciencias Sociales;Sociología;0;Activo;8.57;79.96;No;Sí
654;Ciencias Sociales;Psicología;2013;Retirado;4.06;76.19;No;No
400;Humanidades;Filosofía;2018;Retirado;8.91;57.22;No;No
512;Ingeniería;Ingeniería de Software;2016;Egresado;5.57;63.63;Sí;No
321;Artes;Música;2019;Egresado;5.28;55.98;No;No
20;Humanidades;Historia;2016;Egresado;9.86;94.98;Sí;Sí
685;Economía;Contaduría;2015;Retirado;2.36;60.85;Sí;No
36;Economía;Economía;2016;Retirado;1.48;78.14;No;No
903;Artes;Música;2018;Activo;9.27;53.02;No;No
1779;Salud;Nutrición;0;Egresado;5.26;94.23;No;No
828;Economía;Administración de Empresas;2014;Activo;7.35;99.16;No;Sí
1854;Artes;Diseño;2014;Retirado;3.22;92.45;No;Sí
408;Salud;Enfermería;2013;No registrado;2.7;78.48;No;No
921;Humanidades;Literatura;2012;Retirado;1.59;97.83;No;No
538;Salud;Nutrición;2020;Retirado;1.51;71.93;Sí;Sí
759;Salud;Nutrición;2011;Activo;6.74;76.85;No;Sí
1905;Ingeniería;Ingeniería Civil;2022;Activo;1.6;92.05;No;Sí
1063;Salud;Enfermería;2016;No registrado;9.95;74.06;No;Sí
1200;Salud;Medicina;2011;Retirado;6.09;61.82;No;No
246;Humanidades;Filosofía;2016;Egresado;6.07;88.29;No;Sí
1417;Salud;Medicina;2015;Retirado;8.21;78.76;No;No
1128;Ciencias Sociales;Trabajo Social;2018;Retirado;6.66;51.05;No;No
785;Ciencias Sociales;Sociología;2014;Activo;3.28;94.51;No;No
1743;Humanidades;Literatura;2022;Retirado;9.53;96.56;No;No
490;Ciencias Sociales;Psicología;2021;Retirado;1.13;96.69;No;Sí
155;Economía;Administración de Empresas;2018;Egresado;3.87;94.79;No;Sí
962;Salud;Enfermería;0;Activo;6.88;98.61;No;Sí
854;Ingeniería;Ingeniería Ambiental;2020;Activo;1.46;83.33;Sí;Sí
626;Ciencias Sociales;Sociología;2022;Egresado;2.01;50.36;No;No
686;Salud;Nutrición;2016;Activo;6.99;55.3;No;No
1562;Ingeniería;Ingeniería de Software;2013;Activo;7.76;77.75;Sí;No
570;Ingeniería;Ingeniería Ambiental;2014;Retirado;3.9;78.19;Sí;Sí
1909;Salud;Nutrición;2021;Egresado;8.67;74.02;Sí;No
18;Salud;Nutrición;2013;Activo;1.22;66.61;No;No
128;Ciencias Sociales;Psicología;2012;Egresado;7.64;72.48;No;Sí
1969;Economía;Contaduría;2015;Activo;3.63;83.09;No;Sí
928;Artes;Música;2019;Retirado;6.6;81.97;No;No
981;Ciencias Sociales;Sociología;2010;Egresado;1.19;58.4;No;No
1965;Salud;Nutrición;2013;Activo;1.36;95.91;No;Sí
1140;Economía;Administración de Empresas;2015;Egresado;6.15;58.96;No;Sí
993;Humanidades;Historia;2013;Egresado;7.84;79.61;No;No
1956;Artes;Artes Plásticas;2018;Retirado;9.36;67.84;Sí;No
1657;Ciencias Sociales;Trabajo Social;2013;No registrado;3.65;70.24;Sí;Sí
607;Economía;Contaduría;2021;Activo;3.63;81.84;Sí;Sí
181;Salud;Nutrición;2010;No registrado;1.43;72.22;Sí;Sí
497;Ciencias Sociales;Sociología;2016;Retirado;6.56;98.62;No;Sí
1721;Economía;Administración de Empresas;2010;Retirado;4.13;65.95;No;No
1710;Humanidades;Literatura;2021;Egresado;4.03;92.31;Sí;Sí
1888;Artes;Artes Plásticas;2019;Activo;6.71;91.14;No;No
1992;Ciencias Sociales;Psicología;2020;Activo;8.46;70.16;No;No
518;Salud;Medicina;2020;Egresado;4.76;65.47;Sí;No
1985;Economía;Economía;2012;Activo;9.17;54.38;No;Sí
1070;Ingeniería;Ingeniería Ambiental;2010;Activo;9.09;99.75;No;No
477;Ciencias Sociales;Sociología;0;Activo;2.26;97.44;No;No
158;Ingeniería;Ingeniería de Software;2011;Retirado;1.91;56.82;Sí;No
1244;Salud;Medicina;2021;Egresado;7.66;60.34;Sí;Sí
1196;Ciencias Sociales;Psicología;2018;Egresado;5.25;70.24;No;Sí
1536;Salud;Medicina;2022;Egresado;7.57;90.05;No;No
401;Artes;Música;2020;No registrado;8.83;51.66;No;No
547;Artes;Música;2014;Activo;3.62;79.56;Sí;Sí
1540;Ingeniería;Ingeniería de Software;2017;Egresado;1.27;60.3;Sí;No
1020;Salud;Enfermería;2021;Retirado;3.11;88.05;No;No
1663;Humanidades;Filosofía;2021;No registrado;5.31;81.96;No;Sí
1505;Economía;Administración de Empresas;2021;Retirado;8.48;57.57;No;No
960;Humanidades;Literatura;2016;Activo;5.88;94.25;Sí;Sí
1882;Ciencias Sociales;Trabajo Social;2017;Retirado;6.51;72.34;No;No
284;Salud;Enfermería;2017;Activo;6.44;92.34;Sí;No
1627;Salud;Enfermería;2015;Egresado;8.36;64.67;Sí;No
226;Ingeniería;Ingeniería Ambiental;2014;Egresado;5.24;68.3;No;Sí
27;Salud;Nutrición;2022;Activo;3.46;69.44;No;No
1771;Economía;Contaduría;2017;Activo;4.54;96.79;Sí;No
438;Artes;Artes Plásticas;2021;Retirado;5.46;68.84;No;Sí
1949;Artes;Artes Plásticas;2014;Egresado;7.53;98.26;Sí;No
1389;Artes;Artes Plásticas;2018;Egresado;2.27;80.17;No;No
38;Economía;Economía;2014;Retirado;8.24;55.74;Sí;Sí
750;Salud;Enfermería;2011;Retirado;2.33;92.89;No;Sí
1046;Humanidades;Literatura;2017;Retirado;1.54;50.75;No;No
1399;Ingeniería;Ingeniería de Software;2010;Activo;2.11;70.97;Sí;No
470;Salud;Medicina;2010;Activo;8.36;54.25;Sí;No
1693;Humanidades;Historia;2022;Retirado;1.8;51.88;Sí;No
688;Humanidades;Literatura;2017;Retirado;8.14;95.09;No;No
1844;Ingeniería;Ingeniería Ambiental;2020;Retirado;6.56;87.29;No;Sí
640;Economía;Administración de Empresas;2011;Retirado;6.39;93.47;No;No
1713;Salud;Nutrición;2019;Egresado;3.76;84.1;No;No
1219;Artes;Diseño;2017;Activo;5.18;56.38;No;No
1159;Economía;Contaduría;2010;Activo;8.39;86.51;No;No
1416;Artes;Música;2013;Retirado;5.14;69.8;No;Sí
1528;Humanidades;Historia;2010;Activo;6.35;54.26;No;Sí
1656;Ciencias Sociales;Trabajo Social;2017;Retirado;1.57;60.56;Sí;No
1301;Salud;Enfermería;2021;Egresado;1.24;65.66;No;No
1823;Economía;Contaduría;2012;Activo;3.57;63.48;Sí;Sí
1604;Ciencias Sociales;Trabajo Social;2011;Activo;9.29;95.82;No;Sí
957;Humanidades;Historia;2011;Retirado;1.55;93.02;No;No
1187;Artes;Diseño;2022;Egresado;3.3;74.06;Sí;No
822;Salud;Enfermería;2013;Activo;9.11;55.16;No;Sí
1682;Ingeniería;Ingeniería de Software;2020;Retirado;4.61;98.21;No;No
878;Humanidades;Historia;2016;Retirado;2.48;62.56;No;No
153;Artes;Música;2011;Egresado;9.48;96.21;No;No
1871;Ciencias Sociales;Sociología;2015;Retirado;3.93;91.25;Sí;No
1777;Humanidades;Filosofía;2011;Egresado;9.52;65.5;No;Sí
510;Ingeniería;Ingeniería de Software;2016;Activo;8.33;75.7;No;No
1136;Economía;Contaduría;2013;Retirado;2.68;52.48;No;No
1251;Economía;Administración de Empresas;2011;Retirado;9.36;74.24;No;Sí
1684;Economía;Contaduría;2015;Retirado;2.02;63.11;No;No
303;Ciencias Sociales;Sociología;2011;Activo;7.52;77.77;No;Sí
1769;Salud;Medicina;2017;Retirado;5.52;54.45;Sí;Sí
1144;Salud;Medicina;2022;Egresado;9.06;80.87;No;Sí
152;Salud;Medicina;2011;Activo;1.56;61.11;Sí;No
404;Ciencias Sociales;Sociología;2015;Egresado;5.62;89.29;No;Sí
208;Ciencias Sociales;Sociología;2018;Retirado;7.98;61.17;No;No
1895;Ciencias Sociales;Trabajo Social;2018;Activo;1.52;96.87;No;No
1123;Humanidades;Historia;2011;Retirado;1.4;91.67;No;No
9;Artes;Diseño;2018;Activo;4.04;61.51;Sí;Sí
1061;Ciencias Sociales;Trabajo Social;2021;Activo;7.93;95.38;No;Sí
453;Salud;Nutrición;2019;Activo;8.94;61.25;Sí;No
254;Ingeniería;Ingeniería Ambiental;2010;Retirado;8.67;93.21;Sí;No
1328;Economía;Economía;0;Retirado;6.03;69.27;No;Sí
897;Ciencias Sociales;Sociología;2012;Egresado;1.0;96.9;Sí;No
1734;Humanidades;Historia;0;Retirado;2.86;96.65;No;No
1596;Economía;Economía;2016;Activo;9.01;62.66;No;No
1889;Ciencias Sociales;Sociología;0;Activo;3.46;88.71;No;Sí
624;Humanidades;Historia;2015;Retirado;3.73;63.55;No;Sí
346;Ciencias Sociales;Trabajo Social;2011;No registrado;5.93;84.76;No;No
263;Artes;Artes Plásticas;2011;Retirado;7.4;86.66;Sí;No
1635;Artes;Música;2013;Activo;9.2;88.43;No;No
1322;Economía;Contaduría;0;Activo;1.87;70.24;Sí;No
1439;Ciencias Sociales;Trabajo Social;2018;Egresado;6.53;69.08;Sí;Sí
151;Ingeniería;Ingeniería de Software;2014;Retirado;2.94;57.42;No;No
473;Humanidades;Literatura;2022;Activo;2.32;72.33;No;No
1983;Salud;Medicina;2011;Egresado;4.68;68.48;Sí;Sí
1780;Salud;Medicina;2022;Egresado;1.79;59.04;No;Sí
929;Artes;Música;2012;Retirado;5.78;63.04;Sí;No
489;Economía;Administración de Empresas;2014;Egresado;5.33;89.19;No;No
1812;Ingeniería;Ingeniería Civil;2014;Retirado;5.53;59.77;No;No
1172;Artes;Diseño;2011;Retirado;5.33;77.74;No;No
147;Salud;Medicina;2011;Egresado;3.8;72.84;No;Sí
1929;Ciencias Sociales;Psicología;2018;Egresado;9.25;94.63;No;No
403;Economía;Contaduría;2015;Activo;1.76;67.58;No;No
955;Humanidades;Literatura;2021;Activo;3.75;78.47;No;Sí
1878;Economía;Economía;2010;Activo;9.65;86.95;No;No
1373;Salud;Enfermería;2011;Egresado;2.92;89.35;No;No
187;Artes;Música;2021;No registrado;7.54;83.19;No;Sí
578;Artes;Artes Plásticas;2012;Activo;5.61;63.7;No;Sí
609;Artes;Artes Plásticas;2015;Retirado;9.16;92.29;No;No
144;Salud;Nutrición;2020;Retirado;1.11;50.57;No;Sí
1535;Salud;Medicina;2020;Egresado;6.25;51.35;No;No
982;Humanidades;Historia;2018;Retirado;9.42;58.09;No;No
198;Ciencias Sociales;Sociología;2015;Retirado;6.96;78.63;No;No
1634;Artes;Diseño;2016;Retirado;8.93;81.69;Sí;Sí
280;Ingeniería;Ingeniería de Software;2019;Egresado;6.8;60.88;Sí;No
401;Ciencias Sociales;Trabajo Social;2012;Activo;3.52;75.41;No;No
123;Salud;Medicina;2014;Egresado;9.39;99.86;Sí;No
1208;Ingeniería;Ingeniería Civil;2021;Egresado;8.99;60.48;Sí;No
1463;Salud;Enfermería;2015;Egresado;6.94;88.55;No;No
836;Artes;Música;2018;Activo;4.27;89.47;No;No
1440;Ciencias Sociales;Sociología;0;Activo;5.9;86.21;Sí;No
1754;Artes;Artes Plásticas;2014;Retirado;3.13;76.9;No;Sí
1902;Economía;Administración de Empresas;2019;Egresado;4.03;72.54;No;Sí
1881;Humanidades;Literatura;2018;No registrado;1.58;58.21;No;No
1154;Artes;Música;2021;Retirado;5.74;56.44;No;No
1662;Ciencias Sociales;Sociología;2022;Retirado;8.2;83.79;No;Sí
1427;Humanidades;Literatura;2019;Activo;7.17;71.12;No;No
385;Humanidades;Literatura;2010;Egresado;3.26;99.96;No;Sí
1759;Artes;Música;2010;Activo;1.22;68.87;No;No
855;Artes;Diseño;2019;Activo;7.37;58.61;Sí;No
1590;Salud;Enfermería;2017;Activo;6.78;57.38;No;No
642;Economía;Economía;2019;Retirado;6.18;88.2;No;No
2;Ingeniería;Ingeniería Civil;2015;Activo;4.03;54.84;No;No
113;Economía;Contaduría;0;Retirado;2.52;74.42;No;No
699;Economía;Contaduría;2017;Retirado;9.88;62.43;No;No
1916;Artes;Artes Plásticas;2021;Egresado;9.74;93.12;No;Sí
1649;Humanidades;Literatura;2022;Retirado;1.35;85.53;No;No
1886;Ciencias Sociales;Sociología;2021;No registrado;4.38;87.59;Sí;Sí
1411;Salud;Nutrición;2014;Activo;5.2;72.97;No;Sí
1410;Artes;Artes Plásticas;2017;Egresado;8.66;79.27;No;No
1292;Ciencias Sociales;Sociología;2020;Retirado;5.45;94.35;No;Sí
1809;Humanidades;Filosofía;0;Egresado;4.74;93.03;Sí;No
1521;Economía;Economía;2022;Activo;9.26;71.63;No;No
1137;Artes;Diseño;2010;Retirado;6.44;96.29;Sí;Sí
1864;Economía;Contaduría;2021;Egresado;5.52;52.91;Sí;Sí
1632;Ciencias Sociales;Psicología;2013;Egresado;4.89;64.57;No;No
1398;Salud;Enfermería;2020;Egresado;4.95;52.04;No;No
1836;Humanidades;Literatura;2013;Retirado;3.98;62.51;No;No
1258;Artes;Diseño;2015;Retirado;1.62;95.48;No;Sí
1774;Humanidades;Historia;2014;Activo;3.91;54.57;Sí;Sí
1701;Ingeniería;Ingeniería Civil;2017;Egresado;9.56;65.61;No;No
318;Humanidades;Filosofía;2018;Retirado;7.67;72.13;Sí;No
649;Humanidades;Filosofía;2013;Egresado;7.24;91.37;No;No
1435;Artes;Diseño;2018;Retirado;4.61;76.02;No;Sí
1480;Ciencias Sociales;Sociología;2017;Activo;7.73;78.61;No;No
710;Humanidades;Literatura;2013;Retirado;1.85;66.87;No;No
1383;Salud;Medicina;2013;No registrado;3.71;88.93;Sí;No
1283;Artes;Diseño;2014;Activo;7.81;89.91;No;No
973;Humanidades;Historia;2017;Retirado;2.63;82.9;Sí;No
628;Artes;Música;2016;Egresado;9.43;87.1;No;Sí
633;Economía;Administración de Empresas;2017;Retirado;7.7;75.72;No;No
1307;Ciencias Sociales;Trabajo Social;2021;Retirado;1.48;97.39;No;Sí
1401;Ciencias Sociales;Psicología;2016;Activo;1.81;62.12;No;Sí
1409;Economía;Economía;0;Retirado;6.48;74.17;Sí;No
1249;Economía;Contaduría;2019;No registrado;6.21;60.1;Sí;No
1255;Ingeniería;Ingeniería Ambiental;2017;Retirado;9.87;80.95;No;No
1497;Artes;Música;2010;Egresado;8.4;94.31;No;No
1372;Ciencias Sociales;Sociología;2018;Egresado;1.16;87.49;No;No
1530;Ciencias Sociales;Trabajo Social;2017;Egresado;3.87;80.41;No;Sí
1664;Humanidades;Filosofía;2010;Activo;5.59;72.8;Sí;Sí
1355;Humanidades;Literatura;2012;Retirado;1.66;56.1;No;No
1644;Salud;Enfermería;2017;Activo;5.73;63.54;No;No
796;Ingeniería;Ingeniería Civil;2010;Activo;4.58;90.91;No;Sí
389;Salud;Enfermería;2021;Egresado;5.84;84.78;Sí;Sí
1013;Economía;Economía;2015;Retirado;3.21;89.92;Sí;Sí
1840;Ingeniería;Ingeniería Civil;2012;Retirado;6.03;79.59;No;No
557;Artes;Diseño;2015;Retirado;7.55;75.35;Sí;No
682;Artes;Música;2014;Retirado;1.06;84.18;Sí;Sí
578;Ingeniería;Ingeniería de Software;2012;Activo;2.18;92.29;No;No
1110;Ingeniería;Ingeniería Civil;2016;Activo;5.77;62.01;Sí;Sí
1267;Economía;Contaduría;2020;Retirado;8.31;84.5;Sí;No
1723;Salud;Nutrición;2010;Egresado;6.84;87.79;No;Sí
994;Salud;Nutrición;2011;Retirado;5.68;55.18;Sí;No
1060;Artes;Diseño;2013;Activo;3.93;94.02;Sí;No
1195;Ciencias Sociales;Trabajo Social;2022;Retirado;8.14;79.18;No;Sí
1679;Salud;Nutrición;2010;Retirado;2.32;59.11;Sí;No
749;Salud;Nutrición;2022;Egresado;5.38;57.41;No;Sí
1852;Artes;Música;2021;Egresado;1.73;84.53;Sí;No
1431;Economía;Contaduría;2019;Retirado;6.77;64.2;No;No
485;Economía;Administración de Empresas;0;Egresado;6.62;54.17;No;No
1758;Artes;Diseño;2013;Egresado;9.19;81.84;No;Sí
96;Ingeniería;Ingeniería de Software;2016;Egresado;9.59;64.52;Sí;No
564;Ingeniería;Ingeniería de Software;2017;Egresado;3.07;62.37;Sí;Sí
1265;Ciencias Sociales;Sociología;2016;Egresado;8.79;88.99;No;No
743;Economía;Contaduría;2016;Egresado;8.24;79.9;No;No
864;Artes;Música;2016;Activo;9.42;63.28;No;Sí
1599;Humanidades;Historia;2020;Egresado;4.51;80.03;No;Sí
1715;Ciencias Sociales;Trabajo Social;2022;Retirado;5.92;54.63;Sí;Sí
1485;Artes;Música;2020;Retirado;5.29;91.19;No;No
892;Salud;Medicina;2018;No registrado;2.82;68.9;No;No
1578;Artes;Diseño;2011;Retirado;1.28;92.61;Sí;Sí
1039;Ingeniería;Ingeniería Civil;2018;Retirado;9.29;75.67;No;No
207;Humanidades;Filosofía;2011;Retirado;3.53;94.56;Sí;No
393;Humanidades;Literatura;2011;Retirado;1.86;56.24;No;No
871;Salud;Medicina;2020;Retirado;9.95;96.44;No;Sí
398;Ciencias Sociales;Psicología;2013;Egresado;4.38;91.3;Sí;Sí
1842;Salud;Enfermería;2015;Egresado;8.09;73.5;No;No
1242;Artes;Artes Plásticas;2019;Egresado;7.46;70.01;No;Sí
1029;Economía;Contaduría;2020;Retirado;3.84;56.53;No;No
1793;Salud;Nutrición;2011;Egresado;4.56;77.44;No;No
643;Salud;Medicina;2022;Egresado;1.23;51.21;No;Sí
613;Artes;Música;2018;Egresado;5.53;55.57;No;Sí
961;Economía;Economía;0;Retirado;6.22;84.66;No;Sí
1571;Artes;Música;2013;Activo;6.69;90.53;Sí;Sí
726;Salud;Enfermería;2013;Activo;5.0;94.41;No;No
684;Artes;Artes Plásticas;2012;Egresado;8.92;89.81;No;No
99;Ciencias Sociales;Trabajo Social;2014;Activo;6.43;66.75;No;No
805;Humanidades;Historia;2016;No registrado;7.96;63.6;No;No
1752;Ingeniería;Ingeniería de Software;2014;Activo;8.89;59.67;Sí;No
1598;Salud;Medicina;2020;Egresado;1.37;80.42;Sí;Sí
407;Ingeniería;Ingeniería de Software;2015;Egresado;7.77;84.53;Sí;No
503;Humanidades;Literatura;2019;Retirado;5.77;55.73;No;No
1072;Economía;Contaduría;2011;Egresado;3.51;98.94;No;Sí
1057;Artes;Diseño;2016;Activo;8.65;68.23;No;No
930;Artes;Música;2017;Egresado;6.07;66.54;No;No
780;Salud;Medicina;2011;Retirado;7.64;58.23;Sí;No
1052;Economía;Economía;2011;Egresado;2.4;67.74;No;No
41;Economía;Contaduría;2011;Egresado;7.95;91.25;Sí;No
1018;Artes;Artes Plásticas;2012;Egresado;5.58;93.56;No;Sí
231;Artes;Diseño;2013;Activo;9.43;52.69;No;No
1514;Humanidades;Historia;2010;Retirado;2.23;99.56;No;No
1797;Ingeniería;Ingeniería Ambiental;2019;Activo;1.41;77.46;No;No
289;Humanidades;Historia;2017;Egresado;9.53;61.68;No;Sí
419;Artes;Diseño;2019;Activo;6.55;65.44;No;No
392;Ciencias Sociales;Trabajo Social;2011;Activo;3.8;54.84;No;No
1523;Humanidades;Literatura;2022;Retirado;5.32;71.26;Sí;No
1163;Ciencias Sociales;Sociología;2018;Activo;3.52;50.88;Sí;Sí
1087;Humanidades;Filosofía;2016;Egresado;6.82;97.29;No;Sí
1496;Salud;Medicina;2013;Retirado;8.48;51.29;Sí;No
648;Ciencias Sociales;Sociología;2010;Egresado;4.73;78.4;No;No
1153;Humanidades;Historia;2011;Egresado;7.29;58.17;No;No
1368;Economía;Administración de Empresas;2012;Retirado;5.66;83.15;No;No
521;Economía;Economía;2014;Activo;7.11;78.91;No;Sí
65;Salud;Enfermería;2015;Activo;6.3;69.79;No;Sí
15;Ingeniería;Ingeniería Civil;2012;Retirado;6.51;82.7;Sí;No
1181;Salud;Nutrición;2014;Activo;7.87;83.38;No;No
1065;Economía;Contaduría;2020;Egresado;8.74;97.15;Sí;No
493;Humanidades;Literatura;2011;Activo;1.15;55.18;No;No
188;Ciencias Sociales;Sociología;2015;Egresado;3.0;70.16;Sí;No
764;Ciencias Sociales;Sociología;2019;Activo;3.63;98.69;No;No
217;Artes;Diseño;2018;Egresado;9.93;60.18;No;No
792;Economía;Contaduría;2022;Retirado;1.1;91.02;No;Sí
1077;Ingeniería;Ingeniería Civil;2021;Egresado;8.17;51.67;No;No
879;Artes;Artes Plásticas;2014;No registrado;2.11;87.56;No;No
338;Artes;Diseño;2016;Retirado;7.04;94.04;No;No
1773;Humanidades;Historia;2010;Egresado;4.44;90.78;No;No
720;Humanidades;Literatura;2015;Egresado;6.09;65.32;No;No
1726;Ciencias Sociales;Psicología;2014;Egresado;3.33;73.5;No;No
1017;Salud;Medicina;2014;Egresado;7.79;65.85;Sí;Sí
1276;Humanidades;Literatura;2016;Retirado;6.96;96.37;No;No
1751;Ciencias Sociales;Sociología;2019;Egresado;2.6;66.96;No;Sí
1486;Economía;Economía;2020;Activo;1.23;74.6;No;Sí
816;Ingeniería;Ingeniería de Software;2019;Egresado;9.59;76.71;No;Sí
1887;Economía;Contaduría;2019;Activo;5.6;53.99;No;No
270;Artes;Diseño;2010;Activo;4.04;95.81;No;No
996;Salud;Nutrición;2017;Egresado;2.66;56.24;Sí;Sí
202;Humanidades;Literatura;2013;Egresado;6.67;50.84;No;No
162;Economía;Economía;2018;Activo;9.87;85.23;No;No
1580;Economía;Contaduría;2010;Activo;7.71;65.21;No;No
402;Humanidades;Filosofía;2012;Egresado;5.35;73.69;No;No
703;Salud;Enfermería;2021;Activo;7.68;54.42;No;No
1846;Economía;Administración de Empresas;2019;Activo;4.79;69.4;No;Sí
1796;Artes;Artes Plásticas;2022;Egresado;5.51;51.55;No;Sí
1130;Ingeniería;Ingeniería de Software;2020;Retirado;1.83;91.12;No;No
566;Economía;Administración de Empresas;2013;Retirado;3.56;75.33;No;No
1414;Salud;Nutrición;2020;No registrado;6.77;73.55;No;No
1449;Artes;Música;2021;Retirado;3.44;62.01;No;Sí
1026;Economía;Economía;2011;Activo;2.54;60.21;No;No
1412;Humanidades;Literatura;2018;Activo;6.88;98.39;No;No
1896;Salud;Nutrición;2014;Retirado;6.11;73.58;No;Sí
1586;Economía;Administración de Empresas;2021;Activo;8.93;59.31;Sí;Sí
1105;Economía;Administración de Empresas;2016;Activo;8.38;50.1;Sí;No
206;Economía;Administración de Empresas;2014;Activo;4.28;71.42;Sí;Sí
35;Ciencias Sociales;Psicología;2012;Retirado;3.47;77.67;No;Sí
776;Economía;Economía;2010;Retirado;4.78;57.88;Sí;No
509;Salud;Nutrición;2017;Egresado;7.58;63.19;Sí;Sí
1452;Artes;Artes Plásticas;2017;Activo;2.76;78.01;No;No
1479;Humanidades;Literatura;2012;Activo;7.38;68.8;Sí;No
1971;Artes;Música;0;Retirado;8.91;92.37;No;Sí
1391;Salud;Nutrición;0;No registrado;4.05;80.14;Sí;No
92;Economía;Contaduría;2019;Activo;6.52;99.53;No;Sí
502;Salud;Medicina;2010;Egresado;3.41;99.53;No;Sí
898;Economía;Economía;2018;Retirado;3.52;74.27;No;No
565;Artes;Música;2020;Retirado;1.86;69.56;No;No
1370;Ciencias Sociales;Psicología;2015;Retirado;2.12;52.39;Sí;Sí
242;Ingeniería;Ingeniería de Software;2016;Retirado;5.96;66.13;No;Sí
14;Salud;Enfermería;2013;Egresado;4.56;65.0;No;No
316;Humanidades;Literatura;2022;Egresado;2.01;52.0;No;Sí
601;Ingeniería;Ingeniería Ambiental;0;Egresado;1.26;80.49;No;Sí
388;Economía;Contaduría;2012;Retirado;2.12;59.65;Sí;No
1298;Salud;Medicina;2017;Egresado;7.16;87.76;No;No
841;Ingeniería;Ingeniería Civil;2020;Retirado;7.74;54.62;Sí;Sí
21;Artes;Música;2020;Retirado;5.56;66.31;No;No
647;Ingeniería;Ingeniería de Software;2022;Retirado;3.91;91.31;Sí;Sí
1843;Economía;Administración de Empresas;0;Activo;9.17;52.86;No;No
1509;Ingeniería;Ingeniería Civil;2011;Activo;5.66;93.08;No;Sí
1155;Artes;Artes Plásticas;2014;Egresado;5.21;79.97;No;No
1529;Economía;Economía;2013;Retirado;3.88;88.75;Sí;No
832;Ciencias Sociales;Trabajo Social;2011;Activo;2.14;93.93;No;No
1881;Artes;Artes Plásticas;2011;Retirado;8.32;59.74;No;Sí
1952;Artes;Diseño;2020;Retirado;4.74;74.14;No;Sí
687;Humanidades;Literatura;0;Activo;5.77;68.67;No;Sí
958;Ciencias Sociales;Sociología;2010;Egresado;8.63;53.2;No;Sí
1807;Ingeniería;Ingeniería Ambiental;2011;Retirado;3.46;90.1;No;No
976;Ingeniería;Ingeniería de Software;2015;Activo;3.01;92.57;Sí;No
700;Ciencias Sociales;Sociología;2013;Egresado;4.36;82.68;Sí;Sí
1500;Economía;Contaduría;2022;Retirado;6.77;99.97;No;No
1706;Artes;Diseño;2013;Egresado;4.91;87.67;No;No
511;Salud;Nutrición;0;Egresado;7.18;78.86;Sí;No
475;Artes;Diseño;2011;Activo;8.66;73.7;Sí;Sí
857;Ciencias Sociales;Psicología;2013;Retirado;6.36;95.6;No;No
253;Ingeniería;Ingeniería Ambiental;2018;No registrado;3.33;86.5;Sí;No
22;Humanidades;Filosofía;2022;Retirado;4.98;75.56;No;No
1338;Salud;Nutrición;2018;No registrado;2.48;61.58;No;No
460;Ciencias Sociales;Psicología;0;Retirado;1.99;97.15;No;Sí
1185;Humanidades;Filosofía;2016;Activo;4.39;77.48;Sí;No
956;Economía;Administración de Empresas;2020;Retirado;2.54;79.67;No;Sí
1984;Artes;Música;2019;Egresado;8.24;56.78;Sí;No
386;Artes;Diseño;2016;Retirado;3.86;67.13;No;No
806;Economía;Contaduría;2011;Egresado;1.68;90.72;No;No
1438;Ingeniería;Ingeniería Civil;2020;Retirado;8.43;75.83;No;No
1516;Salud;Nutrición;2012;Activo;1.56;73.27;No;Sí
344;Ingeniería;Ingeniería de Software;0;Retirado;6.75;95.16;No;No
1686;Ingeniería;Ingeniería de Software;2019;Activo;7.1;53.82;No;No
131;Humanidades;Historia;2013;Retirado;5.45;70.78;No;No
1688;Ciencias Sociales;Sociología;2013;Retirado;4.88;50.4;Sí;No
1397;Ingeniería;Ingeniería Civil;2019;Retirado;8.72;50.57;No;No
88;Economía;Administración de Empresas;2021;Egresado;5.18;57.18;No;Sí
1483;Humanidades;Filosofía;2010;Retirado;2.53;69.28;No;No
331;Economía;Contaduría;2022;Activo;5.48;56.73;Sí;Sí
467;Humanidades;Historia;2022;Retirado;7.71;82.69;No;No
122;Ingeniería;Ingeniería Ambiental;2019;Egresado;4.88;82.55;No;Sí
1045;Economía;Administración de Empresas;2018;Egresado;4.49;84.94;No;Sí
1725;Ingeniería;Ingeniería Civil;2014;Retirado;7.02;50.78;No;Sí
1096;Ingeniería;Ingeniería de Software;2017;Egresado;1.45;82.38;No;Sí
1131;Humanidades;Literatura;2010;No registrado;6.92;82.81;Sí;No
861;Economía;Administración de Empresas;2011;Activo;4.42;79.78;Sí;No
1460;Economía;Contaduría;2018;Retirado;1.6;71.73;Sí;Sí
1127;Ingeniería;Ingeniería de Software;2014;Egresado;9.95;96.16;No;Sí
